GEOID,pop
17161022800,13227.667358398438
17161022900,3316.976318359375
17161023000,6502.714820861816
17161023100,5157.087493896484
17019010901,9629.577308662236
17019010902,7041.700935950503
17019005602,6235.500152587891
17019010702,8872.508554778993
17019005601,9442.968170166016
17019010701,4351.600067138672
17019005902,14545.04931640625
17019011001,4573.611572265625
17199021001,2422.4421615600586
17199020802,6016.621792688966
17199021002,1918.827312707901
17199020801,4361.765493094921
17091011700,3200.2701416015625
17119401722,5195.360412597656
17119403531,11980.44035577774
17119401701,4465.878841280937
17111871113,5247.036541342735
17199021003,1731.9736862182617
17091011800,4331.568176269531
17119400951,6067.735443115234
17119400952,6790.764778137207
17119401500,2816.33349609375
17119401905,6834.527960285544
17119402804,3634.6593576669693
17119402805,7595.055754184723
17119403403,4699.622211456299
17119401101,4310.946182250977
17119401102,5528.558349609375
17119403404,5354.6480712890625
17189950200,5177.613083310425
17189950400,5992.462765224278
17189950300,4617.048297479749
17189950100,4666.229141015559
17161024000,6087.1772339344025
17161024400,2221.04452586174
17119403401,4551.7200927734375
17111870105,5519.899096101522
17111871501,8946.922617286444
17111871115,1119.7719421386716
17111870404,10366.688236832619
17111871112,6400.443561553955
17111870104,7682.783066943288
17111870403,8039.137656211853
17111871502,9728.897341012955
17111870106,6296.096583366394
17111871111,9655.781590461731
17111871313,3270.5634140968323
17111870907,6575.380431175232
17111870814,5495.09451174736
17111870501,7270.672360479832
17111870906,8028.672951459885
17111870103,4305.214948832989
17111871312,11246.531784057617
17111870502,7783.443984985352
17089853402,12072.749755859375
17111871114,9963.232147216797
17111870813,5396.744172334671
17111871110,9716.270013809204
17089853100,1604.3134765625
17089853200,16771.753173828125
17193958400,4666.447503531352
17193958300,3473.652597412467
17193958200,3600.3456007711357
17089854505,11280.260329008102
17089854509,11582.587312579155
17089854508,8891.83538722992
17089852104,2482.0342407226562
17089852406,5012.527838468552
17089854402,14060.346885681152
17089853601,8939.423828125
17089852004,6816.487487792969
17089853602,12933.42822265625
17089850708,7340.350456237793
17089850710,7067.717402458191
17089851911,7027.0926513671875
17089850706,3621.0996397808194
17089850707,15805.687348723412
17089850711,6150.768618583679
17089850709,4716.958867788315
17089852405,6543.452209472656
17089852408,8853.181300878525
17089854507,11281.202686429024
17089851913,10028.372619628906
17089851912,8588.73834991455
17089854403,9865.669403076172
17029000200,8467.912149757147
17029000600,5507.803267045645
17091011500,5696.842681884766
17029001100,4137.4117436409
17089852903,15997.804106712341
17143003403,5381.0378049016
17143003404,11548.59183511138
17089852905,4263.132385253906
17089853001,4281.94625556469
17163503101,4663.697495102882
17089852204,9207.216430664062
17089854401,4782.898742675781
17091012000,5653.415344238281
17089850704,10479.169403076172
17089852404,4539.322906494141
17089852407,5355.771148681641
17089852103,13108.248039245605
17089854506,7513.114564657211
17089852607,6741.7999267578125
17089852203,6323.9569091796875
17089852608,9086.817016601562
17089852005,8841.202430725098
17089850705,12687.352242423221
17197884003,8764.588606357574
17197880417,3897.7567749023438
17157951201,3230.4842554330826
17157951202,6082.700990609359
17133600104,5439.343544006348
17133600103,5254.625770568848
17091011100,3348.2621598243713
17197881201,5584.910619735718
17197881202,4365.887023925781
17161022300,1273.2356433868408
17143003104,3140.4452514648438
17143005100,6339.571533203125
17143003103,7655.992614746094
17163504502,2672.7722804918885
17163504357,6326.567533086985
17163504356,5371.516361236572
17163503415,4690.071804046631
17163504358,8345.374461501837
17097860812,6780.2189157009125
17097860106,4932.507740974426
17163503102,7515.03560481593
17163503908,8152.203800529242
17115002906,3589.158462524414
17115002905,2554.171900689602
17115002001,2401.2674560546875
17115002002,4253.2509765625
17115000502,1188.1939697265625
17035972400,4492.0192348212
17035972500,4735.740318313241
17035972600,6098.7534196302295
17097860813,4806.7006912231445
17097860908,4224.017890930176
17097860907,6086.808459877968
17097864109,8164.649690628052
17097864110,8633.730602920055
17097864207,9209.40485739708
17097860105,12058.513153076172
17097864208,7101.0802001953125
17097864524,6840.030278861523
17097864523,5476.987487792969
17089854100,19877.313720703125
17111870811,4866.1377420425415
17111870808,6527.22053527832
17111870809,10839.704867839813
17111871003,8154.53376480937
17111870703,8828.46876835823
17111870702,13290.86383152008
17111870604,12810.110290527344
17111871301,8652.880676269531
17111870810,8854.254932403564
17111870200,12359.74881927669
17111871305,14118.165260314941
17111870402,10958.54263305664
17111870605,16356.507232666016
17111871205,7057.97802734375
17111871404,5326.412841796875
17031807100,7811.097412109375
17089853300,7693.35400390625
17089853500,8366.91015625
17089853900,13995.354736328125
17089854001,10124.122497558594
17089854200,6827.78662109375
17073030302,5722.34705555439
17073030301,4927.150985479355
17143002702,7872.117614746094
17143002701,7540.392349243164
17043841708,5338.221923828125
17111871004,10985.573681741953
17111871307,3427.4589614868164
17111871304,6304.302398681641
17111870606,5650.96842956543
17111871402,11683.530224323273
17111870812,9151.050750732422
17111870603,8701.401275634766
17111870704,7264.991119384766
17111870807,10922.025024414062
17111870903,4432.867625236511
17111870904,8526.071350097656
17111871201,9742.853729248047
17111871202,7209.54736328125
17111871206,8194.612533569336
17031807200,12942.942749023438
17091011600,4934.990539550781
17031803017,9522.69189453125
17031807300,7042.264404296875
17031807400,8046.159423828125
17031807500,3139.20458984375
17031807700,7277.2060546875
17031807900,5988.202392578125
17163503416,6436.740049362183
17163501607,3741.7784118652344
17163504359,5148.536549389362
17163504501,7570.4935092926025
17163501606,6554.963134765625
17031808001,7453.4053955078125
17031808002,3734.7955322265625
17163503907,6007.466423273087
17163501802,4617.4117431640625
17163501801,3446.5059814453125
17031808301,10243.408851623535
17031808302,5144.5845947265625
17031808600,4983.80778503418
17031808702,9688.057495117188
17031770202,11367.730813142378
17031770602,7179.267890930176
17031806104,4714.35387802124
17031802506,4908.378582000732
17031802505,9186.511652827263
17031802404,6919.463134765625
17031804714,3695.3348388671875
17031804403,7398.1162109375
17031820604,6697.5999755859375
17031824116,6233.638265609741
17031824114,7659.066223144531
17031823806,3682.474853515625
17031824003,9970.525756835938
17031824005,7077.602945327759
17031824122,16290.427673339844
17031841200,13779.0673828125
17031804406,7957.087092041969
17031804716,10259.366088867188
17031806201,5073.888671875
17031820606,8733.65168762207
17031804506,7727.9014892578125
17031824119,7269.900918006897
17031831900,7062.74609375
17031832600,1556.947265625
17031842300,6314.7659912109375
17031838800,6128.258649587631
17031842600,9626.299905776978
17045070100,3730.7851254343987
17127970300,5028.763531263918
17127970100,7452.107958856039
17127970200,5878.818893432617
17043844309,1946.9224243164062
17043844308,3495.6033782958984
17043844310,4051.3805541992188
17093890501,24435.58808219433
17093890602,15608.24346151948
17093890404,28541.648429870605
17093890601,13504.248315930367
17093890401,18636.3005156992
17093890107,12458.254454612732
17051950900,2192.127635717392
17051950600,3668.743419414386
17051951000,3447.6266096699983
17051950800,8397.88733509183
17051950500,4082.4373355060816
17051950700,6355.159127566963
17051951100,4250.789185460657
17109010100,5467.82520213048
17109010300,2873.2305215746164
17109011000,3575.0142187587917
17183011200,10282.649730086327
17181950200,3437.7357035508176
17181950500,5195.737513480708
17181950400,7123.275544643402
17181950300,2792.5933113098145
17181950100,5999.040052792057
17187870500,5954.826285600662
17129010200,6078.462587065995
17129010100,9207.76907090377
17117956500,3743.624373972416
17183000100,2510.6192321777344
17031841900,6954.461975097656
17031843200,858.2076110839844
17031803200,3951.2567138671875
17031803300,7463.211181640625
17031809000,5072.50390625
17031301803,9348.466796875
17031809100,5431.5849609375
17031809200,6354.951416015625
17031809300,6398.300537109375
17045070300,6753.990499421954
17045070400,6842.585431218147
17109011100,4528.8375579454005
17045070500,5478.547052601352
17045070200,2741.6432922943495
17109010600,3359.6597828119993
17109010700,6568.767523407936
17109010900,3329.069125175476
17109010200,2969.1441825125366
17141961301,4414.525122798979
17141961001,5404.744701296091
17141961302,5046.14104694128
17141961002,5672.797687411308
17037001004,6523.385682582855
17037001003,6601.935546875
17187870100,2999.049570133444
17187870200,4004.8325465908274
17187870400,8160.308851718903
17187870300,4114.992159508169
17183000300,2176.4622802734375
17183000600,6220.432159423828
17031320101,8679.7958984375
17031829904,6085.39689207077
17031804204,9127.933412402868
17031804316,9493.716552734375
17031804514,5943.388324737549
17031330103,6401.15625
17031380600,4416.673828125
17031330102,13297.1884765625
17031330101,55.34780120849609
17031460800,14316.72412109375
17031806005,4584.75
17031806006,5433.416015625
17031804203,4002.6690771579742
17031803614,8699.482666015625
17031803616,5644.854888916016
17031828508,8301.688888549805
17031828507,2774.6759757995605
17031824126,8796.064819335938
17031824508,5218.017488718033
17183010800,5087.036889927462
17183010701,4665.884151771665
17183000700,3628.066940307617
17183010300,7011.981113506481
17183000500,5711.3269872665405
17183001300,5015.141557455063
17183000900,2781.536711424589
17197880416,6692.362060546875
17183010500,6292.537682652473
17183000800,3820.0746097564697
17183011100,3868.560767531395
17183010400,3114.741813853383
17183010600,5940.752317607403
17183010100,5057.995461022481
17183010900,4434.203929459909
17183001200,5204.193005561829
17015960100,4521.924566008151
17015960200,2997.805967936758
17015960400,3122.7017110958695
17015960300,4562.558825664222
17015960500,4255.993640292436
17015960600,2117.1851775348186
17031820203,6435.162384033203
17031824509,7107.978271484375
17031824127,5211.4588623046875
17031824125,4019.947998046875
17031824124,5838.726806640625
17031824129,5782.191966056824
17031824128,7558.587459087372
17031829903,8832.13134765625
17031804313,6675.905319213867
17031804312,3553.6967234611507
17031820204,5634.555465698242
17031804314,2513.621454566717
17031630600,13610.676635742188
17031490200,2432.0439453125
17031612200,7791.820068359375
17031844700,13513.7578125
17031844600,4581.865234375
17031803615,3599.4841918945312
17123961300,3305.720697786659
17123961100,3318.5370293445885
17123961200,3493.009985046461
17123961500,3174.616357509047
17123961400,4143.083614625037
17081050200,4467.654228172731
17031804512,6381.296173095703
17031804315,2281.031494140625
17031804513,5841.049719810486
17031320102,8761.48828125
17031809401,7740.142150878906
17183010200,7560.254747882485
17201001000,5074.9720458984375
17081050700,6142.244052410126
17081051100,4116.463415503502
17081050600,3943.5796089172363
17081050100,5570.571790464222
17081050800,5825.303571164608
17081050300,6108.275885015726
17081050500,4822.553847916424
17081050400,7679.29212457221
17117957100,3812.4501352608204
17199020202,3895.268603384495
17093890702,9856.291770160198
17011965300,4632.435951292515
17201001100,3191.4412841796875
17201001300,2562.297119140625
17201001400,5095.399658203125
17115002401,3707.395034790039
17081051000,631.3671264648438
17081050900,4474.838562011719
17093890301,18044.916138648987
17093890302,19313.94287109375
17201001500,12893.255584716797
17201001600,4582.9329833984375
17201001700,4010.6826171875
17201001800,5437.027160644531
17201001900,7278.050231933594
17115001802,1103.1448974609375
17093890703,22817.482726991177
17093890104,21736.29386329651
17115001900,953.5507202148435
17115001300,1964.5786514282227
17115001400,2606.3233642578125
17093890403,18487.904860019684
17093890402,23727.812591552734
17093890105,21441.660215616226
17093890108,11241.280813574791
17093890502,16879.835849285126
17093890701,12263.141479492188
17093890103,16261.091064453125
17093890106,17094.671142578125
17115001600,3429.1591796875
17115001700,3499.9414138793945
17011964800,5142.548827911727
17011965100,7087.942923843861
17011964900,3127.3644232274964
17011965400,6494.709177672863
17011964700,4514.5700841248035
17011965600,4465.252102188766
17011965500,5480.969512060285
17135957700,5590.252859592438
17135958000,8111.9881988000125
17135957400,3425.0138373970985
17135957600,4828.697510968894
17135957800,3746.0447149276733
17135957500,4540.952790626325
17135957300,5075.751082992181
17135957900,7733.211048215628
17143003300,5935.726366043091
17011965200,3370.57536034286
17011965000,6755.515986775979
17065973100,4454.806503534317
17065973200,3680.397052920889
17195001102,1748.2175903320312
17195001101,3527.4126586914062
17093890201,14182.6455078125
17093890202,8847.25146484375
17197881109,8228.87000823021
17143000200,1709.800537109375
17143004102,3023.749101638794
17143003900,10080.168810218573
17143004101,10025.184502363205
17143004802,4842.10237121582
17143003402,6963.920440115035
17143004600,8949.641252994537
17143003601,4247.2809138298035
17143004801,8626.746926546097
17143004901,5739.715375354048
17143002900,4519.806488037109
17143004000,6769.484632134438
17119400200,7323.652711465955
17119400802,12066.613037109375
17073030202,5927.51355982665
17073030800,5906.433113336563
17073030203,6384.448859319091
17073030600,4913.908481836319
17073030500,3523.8138591926545
17143004902,7225.6321630477905
17143004500,8016.455561935902
17143003800,4856.884400203824
17143000300,2264.790771484375
17143002200,7369.2864990234375
17143003200,6034.615661621094
17143004300,3021.5916748046875
17119400600,3576.061454772949
17119400801,2576.180908203125
17143000600,6288.848709106445
17143000900,6194.9862060546875
17143001200,2334.7586669921875
17073031200,4472.366530712694
17073031000,4148.535269912332
17073030100,8634.041842401028
17073030201,6736.300094485283
17115003000,5009.427940436639
17143001300,3257.7528681755066
17143001500,2033.0237045288086
17115002602,2638.5927585586905
17115000200,2372.44921875
17115002402,7544.515430450439
17115002500,10233.129778062925
17115002200,7882.935588505119
17115002300,4175.022181864828
17115002800,6442.484857111238
17115002904,8914.041889369488
17115002700,3369.8416841821745
17115001100,5165.816683769226
17085020102,4108.130037933588
17085020101,2834.1256945580244
17113005104,4524.358969807625
17113000109,9256.956068515778
17113000507,3854.388901948929
17113000106,4395.3572998046875
17077011702,7058.043884277344
17077011001,1786.9044094085693
17115000900,3265.237762451172
17115000400,4866.0565185546875
17115000600,4349.3199462890625
17023060200,6049.9257346615195
17023060300,7505.158464372158
17023060400,2435.0919240510557
17023060100,6684.854459712282
17143002300,6900.1082763671875
17021958900,4122.660708069801
17061973800,3027.557307915995
17031730202,2472.890869140625
17115002100,820.5608140230179
17143001600,9291.954223632812
17113005103,9359.650493383408
17113000108,10037.322562932968
17113005401,10006.728378683329
17113001107,7036.0758056640625
17113001108,7381.479870915413
17113005402,6134.730622040108
17113000506,6160.8192138671875
17113000107,4386.9599609375
17115001801,3438.382776260376
17115000300,6240.521453857422
17115002901,5670.102141033858
17115002601,6943.923681020737
17115001500,7255.498863220215
17115002902,6234.515030860901
17163500500,3223.5980224609375
17077010602,5360.604333400726
17077011701,2034.1422853469849
17077010601,3279.8141030073166
17077011002,6909.0222462415695
17163500900,4142.156005859375
17091010203,6847.675799291581
17091010204,9148.153318732977
17115001000,2109.9668502807617
17029000300,8917.830683246255
17029000400,4716.58946006
17029000500,10069.602883428335
17029000800,7404.882568359375
17029001000,6214.645437002182
17029000900,7197.625859737396
17113001302,2934.453125
17113005602,3729.4612973388284
17113005202,5170.158772081137
17113000105,5327.815762013197
17113005502,3239.226647582371
17113005700,8593.088762134314
17113005601,3199.8934196792543
17113000400,8618.213989257812
17113001301,3513.590576171875
17113005501,4879.18611933291
17113000200,11089.135498046875
17001010301,3931.230138071347
17001010302,4550.912563730031
17143002400,9185.744262695312
17143002500,339.58544921875
17143002600,5014.948089599609
17143002800,6389.280517578125
17143003000,4780.086975097656
17143003101,8075.592529296875
17097865801,5261.991394042969
17097861505,7220.667060852051
17097861702,5392.530578613281
17083010200,5926.356327950954
17083010500,2384.3584463857114
17083010100,7697.184204898775
17083010300,6386.234998822212
17029000701,3623.893133163452
17029000702,5623.234130859375
17061973900,3367.803369283676
17061973600,5328.6096613379195
17061973700,2523.2851697206497
17061974000,4781.763136208057
17113000301,9070.07177734375
17113000302,10901.506163597107
17041952000,3484.4698790488765
17041952300,8879.977724630386
17041952200,6303.727338910103
17041952400,5094.6710493881255
17041952100,6281.342447876697
17031835600,2796.7916259765625
17031840000,11453.669677734375
17113001700,2175.09619140625
17031813302,8184.50390625
17031813702,9304.0771484375
17031813301,3407.644775390625
17031802403,1775.5484619140625
17031803016,3563.942138671875
17031803701,3053.7376708984375
17031804108,3791.5302124023438
17031804715,3595.262451171875
17113000501,2051.055908203125
17113000502,3918.6878662109375
17031836400,6228.7620849609375
17031834600,4057.642822265625
17113000504,10629.2896194458
17113001103,6865.830627441406
17197882702,3982.966796875
17197882602,7342.393798828125
17197883210,5223.374603271484
17197883214,5767.908065795898
17197883213,12666.381206512451
17197881301,9484.295104980469
17197881111,4772.381256103516
17197881113,6072.04433298111
17197881115,9601.144653320312
17089851101,6873.25927734375
17089850105,16668.6097946167
17031061902,5686.54931640625
17031030103,16148.572265625
17031030706,1.0021361112594604
17031081202,7179.04833984375
17113001200,3648.3982849121094
17113001303,3277.485595703125
17113001402,5505.443643569946
17113001500,2774.201904296875
17113001600,5101.931884765625
17031804610,2931.7492065429688
17031770201,8003.452392578125
17031836000,5544.26171875
17031220901,9468.5234375
17031210602,10893.7041015625
17031220602,9746.408203125
17031040401,7151.37890625
17031252202,7997.3955078125
17031252102,16531.5439453125
17031770601,5414.783996582031
17031806103,5564.5540771484375
17031802610,2727.9639892578125
17031802609,13155.466796875
17043842704,8154.0042724609375
17043843700,4159.576904296875
17043843800,6359.0220947265625
17043843900,7920.71337890625
17153971000,3428.2021592292003
17153971100,3661.343961316161
17031804308,8623.731811523438
17031820605,4911.5263671875
17031834500,4465.3310546875
17031836200,6623.00341796875
17031010501,10956.2080078125
17031020701,2499.83984375
17167001004,6708.2708740234375
17057953600,6358.279881596565
17167003901,8172.2275025472045
17167003500,7698.873373705894
17167003802,9930.538157120347
17167002500,7221.78333234787
17167003601,4094.753529369831
17167000100,6050.122487157583
17167003100,12273.645613223314
17167003203,8354.541675940156
17167000201,5107.755243301392
17167002400,7141.069641113281
17167003300,7444.936937380582
17167003603,7553.371366862208
17167001200,9383.781372070312
17167001300,3991.5638427734375
17121952200,5901.521408744156
17121951700,3542.5501157734543
17121952600,3265.4797973632812
17043844100,2320.472900390625
17031834400,6288.58203125
17031834300,14159.0
17197883521,9142.450317382812
17197980100,7050.333775997162
17019000301,16059.5771484375
17019005702,2012.7285386174917
17019005701,7441.83447265625
17043843200,9159.705322265625
17043843500,9339.981628417969
17197883513,10379.154968261719
17043842800,7931.0068359375
17043843000,5582.977294921875
17113001800,5074.358734130859
17113002101,7370.197250366211
17113002102,3012.5908596217632
17031070101,12177.2119140625
17031110501,4661.05322265625
17031081401,16188.38671875
17031430102,2654.751230156049
17031770902,2124.697021484375
17031824121,1721.586181640625
17037002200,10246.0830078125
17031430101,10278.4140625
17031804109,4158.958435058594
17031804611,2907.780029296875
17031824004,6798.792564436793
17031824006,9628.568596839905
17031252101,4929.3994140625
17043844201,11514.310668945312
17143003700,5858.172065645456
17143003602,8474.444010391831
17143004400,3417.1069946289062
17143004200,2665.633499145508
17031760801,7781.2381591796875
17031839000,14139.90234375
17031440201,5130.3232421875
17031540101,8922.888764500618
17031802004,7772.9193115234375
17031802003,1214.434326171875
17031803013,7487.44775390625
17031802608,6465.33251953125
17031803015,9239.980224609375
17031803014,4368.083984375
17031834000,2734.4599609375
17167000600,8345.233207702637
17167000700,3484.4503173828125
17167000800,4480.840515136719
17167000900,2227.025146484375
17167001001,3238.934295654297
17167001100,2008.9283752441406
17167001800,3243.1807250976562
17167001900,3566.6265869140625
17167002100,2640.1795654296875
17167002200,4493.302978515625
17167002300,3697.201904296875
17097861609,5152.205078125
17167002600,3422.3629150390625
17167002801,6551.5010986328125
17167002802,5019.6229581572115
17095000900,5680.544185400009
17095000800,3443.2996826171875
17095000500,6420.182937443256
17095001400,2447.625193476677
17095000600,5932.21484375
17095000400,4186.317366421223
17095001600,4623.910643406212
17095001100,3940.836672067642
17095000300,8916.70166784525
17095001500,5596.855768725276
17095000100,4458.581094294612
17095001200,2321.879859060049
17107953200,5998.741329431534
17107953300,5805.701659679413
17107953400,4133.706067442894
17095000700,1122.2451553344727
17167000202,4439.305717468262
17167004000,6079.793833205011
17167003201,6474.03792989254
17167000300,3790.419478416443
17167000400,5467.942276000977
17047957100,2806.6851468086243
17047956900,3283.161703761667
17167001400,2010.0244140625
17167003400,9483.731379792094
17167003202,6721.313516752794
17167003000,7920.346526324749
17167003602,7421.0890637636185
17047957000,3411.4435284361243
17077010800,6988.609379909933
17077010400,6610.6925835087895
17077010100,5088.983679216355
17077011200,8550.365203380585
17077010700,4630.238354206085
17077011600,6022.359654954635
17057953400,2024.2292175292966
17057952800,3955.400091648102
17057953800,3999.981607198715
17057953200,4125.710444379598
17057953100,3659.310728869401
17057953500,5454.411849617958
17057952900,7513.187122417614
17057953000,3258.17237506574
17057953700,3605.855968161515
17057953900,4152.691293522716
17057953300,4970.092823654413
17121952700,5906.807191848755
17121952300,5232.729980558157
17121951800,3217.967735648155
17121951600,5029.077648870181
17121951900,4191.816590171307
17121952100,4065.71866774559
17121952000,5990.43123292923
17095001000,5971.931703269482
17095000200,4098.046908168122
17095001300,5258.39242041111
17101880700,4575.27444383502
17101880900,4968.66878926754
17101880800,8994.53947447054
17101881000,3251.223819732666
17101881100,4558.168501257896
17001010500,3904.4130141376518
17001010200,5402.8626222498715
17001000500,3104.3328857421875
17001010100,6181.5117190517485
17001010400,5522.847229976207
17001000202,6705.0712890625
17001010600,9270.217198708095
17173959300,7007.688740724698
17173959400,4966.109259332996
17173959500,5569.187089521438
17173959200,4539.357760161627
17173959600,4863.109844435006
17173959100,5111.691158508882
17001000600,3563.7315673828125
17001000800,5333.169902607799
17001001001,1493.6942138671875
17031711100,4416.56884765625
17031711200,7145.972412109375
17001001002,6154.293640136719
17031680900,5787.378662109375
17001001100,8565.883279800415
17031817200,10640.37109375
17031817600,3543.208251953125
17167001600,3123.0985717773438
17167002700,6198.14252281189
17031221000,11394.22265625
17031242800,7306.796875
17031243000,8659.0458984375
17031243200,9719.0634765625
17031243300,10079.51171875
17031071400,11934.2607421875
17031110400,5762.19482421875
17031151100,6412.662109375
17031151200,6333.740234375
17031241100,8742.990234375
17031241600,7748.458984375
17031241300,7877.3740234375
17031241400,8866.6103515625
17161022600,4602.364176034927
17031243500,4415.15966796875
17031250200,9664.317138671875
17031250300,7068.1298828125
17031250400,9128.6416015625
17031250500,15836.51025390625
17031071500,11722.319641113281
17031071800,6244.99365234375
17031160100,3991.241455078125
17031160200,3824.167236328125
17031160300,5514.43701171875
17031160400,5264.0146484375
17031160700,12732.98583984375
17031221500,7800.89501953125
17031221400,9012.65625
17031250600,6653.67333984375
17031250700,7156.41357421875
17031250800,6963.2822265625
17031251000,5223.63037109375
17031251100,6860.5009765625
17031051400,7654.95263671875
17031060300,6514.017578125
17031060800,15977.1630859375
17199020201,8160.6603326797485
17031160800,9337.0771484375
17031161200,3620.843505859375
17031161300,6093.814453125
17031170100,7651.782958984375
17031251200,6187.1826171875
17031251300,6704.97607421875
17031600900,17171.70703125
17119400904,5043.40340089798
17031821200,8883.097412109375
17031672000,8289.61962890625
17149952600,4513.149834728043
17149952800,3384.844636425376
17149952500,3607.118293782696
17149952400,4627.447227125522
17031710900,3405.484130859375
17031711000,3928.13671875
17001000900,5305.116027832031
17149952700,6528.12865228951
17031271200,4156.0869140625
17031271400,3705.75537109375
17031351000,4885.759994506836
17031351400,5023.29345703125
17167002002,4154.734313964844
17167002001,6221.423645019531
17167003702,6537.863786607981
17167003701,6399.01231265068
17167004200,2012.4456176757812
17031430400,4499.234375
17031430800,4754.4443359375
17031430900,7689.4462890625
17001000100,6736.723680019379
17001000201,1832.2546997070312
17031610300,10322.74267578125
17031681000,3786.644287109375
17031681100,4618.52783203125
17031803400,10165.2607421875
17031803500,7282.1971435546875
17031803604,6726.17138671875
17031803607,10419.449584960938
17031809500,4873.7041015625
17031809600,5149.38232421875
17031809700,4904.403076171875
17031809800,3844.423828125
17031809900,8395.39306640625
17031810000,8811.795272827148
17031825501,6185.641153335571
17031720100,2979.787353515625
17031824400,3460.7445373535156
17031720200,9719.8701171875
17031720300,4130.7144775390625
17031720400,3113.915771484375
17031720500,2103.632080078125
17031720600,3014.010009765625
17031720700,5891.761962890625
17031040800,6384.90234375
17031816900,4441.8203125
17001000400,8986.32698059082
17031817000,8332.358276367188
17031817101,3434.9833984375
17031817102,3860.3355712890625
17031825801,3560.1351165771484
17031825802,8616.943115234375
17031825803,10061.928955078125
17031825900,4798.307922363281
17031826000,3827.1489181518555
17031380200,5034.69873046875
17031431200,4160.05322265625
17031431400,4070.3818283081055
17031803902,6513.6680908203125
17031804000,6525.919921875
17031804104,4629.7420654296875
17031810100,10274.3115234375
17031810200,14195.3212890625
17031810301,7953.7364501953125
17031610800,3801.1865234375
17031611400,11303.2802734375
17031611900,8096.02587890625
17031681200,3342.170166015625
17031810302,3593.96533203125
17031810400,7435.99169921875
17031810701,5992.58837890625
17031810600,5310.35693359375
17031817400,4086.710693359375
17013951300,3449.135985909961
17013951200,3786.570975445007
17031283100,7459.55126953125
17031283800,8443.5048828125
17031828504,10107.103173971176
17031691200,6677.683349609375
17031691100,5177.10546875
17031730100,4107.6083984375
17031730300,4507.35791015625
17031730400,6661.83837890625
17031817700,6842.814208984375
17031818100,4654.101318359375
17031826100,10562.225646972656
17031826301,4919.9012451171875
17031826303,6856.063232421875
17031826304,5605.9761962890625
17031730500,6740.718505859375
17031730600,5945.916259765625
17031802801,9237.394836425781
17031440300,5511.296142578125
17031804706,4320.2786865234375
17031804710,5152.2724609375
17031810800,10144.11279296875
17031810900,5277.06982421875
17031811000,7686.3369140625
17031612100,3659.087890625
17031620100,10985.555908203125
17031620200,5785.6962890625
17031620300,6299.9052734375
17031620400,14224.7236328125
17031810501,8791.477661132812
17031810502,8952.219848632812
17031812200,7872.376708984375
17031818200,8873.188598632812
17031818402,4085.0189208984375
17031818800,8027.8232421875
17031818900,7092.924072265625
17031826402,7704.7294921875
17031826600,3574.396484375
17031826700,3845.603759765625
17031826901,2930.0467529296875
17031826902,2266.6337890625
17031730700,4559.66943359375
17031740100,3890.1678466796875
17031740200,9159.49072265625
17031740300,6903.266845703125
17031740400,7483.256530761719
17031803005,6856.640959739685
17031803007,8703.065795898438
17067954300,5139.61995145469
17067954000,3657.604267179966
17067954100,4883.19001108408
17067954200,3407.222506367136
17067953700,3164.3063161037862
17067953900,2933.887057578191
17067953800,3850.6793170571327
17031381800,3755.205322265625
17031381900,5661.59619140625
17031390100,397.38589477539057
17031390200,5672.36181640625
17031390300,6416.634765625
17031390400,6514.9765625
17031390500,7072.72705078125
17031390700,12520.396728515625
17031804711,9599.134033203125
17031804806,5810.6748046875
17031804808,3450.2542724609375
17031804809,3265.5472412109375
17031812400,5189.04736328125
17031812500,9804.908935546875
17031440900,7159.88720703125
17031819400,5980.50146484375
17031819500,2181.177978515625
17031630300,11481.52685546875
17031630500,8014.20947265625
17031630800,10160.505859375
17031630900,9051.6826171875
17031640100,4430.95849609375
17031640300,14742.4912109375
17031819600,7677.98876953125
17031827000,5250.032958984375
17031827100,4779.722900390625
17031827200,5797.980206489563
17031827300,4844.171966552734
17079977500,5575.5272310571745
17079977300,4617.764044828713
17079977400,3235.666717529297
17031750100,6140.724853515625
17031750200,7040.6153564453125
17031750300,2641.545166015625
17031750400,1827.4285888671875
17031750500,13469.799926757812
17031804901,12343.153076171875
17031804902,6728.17041015625
17031805001,5784.2437744140625
17031805002,5175.4462890625
17031819801,3904.7845458984375
17031819802,4734.81201171875
17031819900,4714.067626953125
17031820000,1934.6889038085938
17031827400,3449.2593994140625
17031827600,6963.710802078247
17031282700,5126.53466796875
17031400300,9682.809814453125
17031410500,2922.719970703125
17031410600,6584.94580078125
17031460100,6411.274927943945
17031805105,10124.671325683594
17031827700,1196.1324462890625
17031827802,7512.5035400390625
17031827804,3835.901611328125
17031450300,7182.13671875
17031805106,5399.671630859375
17031805107,5977.902835845947
17031805108,13161.8447265625
17031640400,5868.634033203125
17031650100,6121.32666015625
17031650200,6691.04833984375
17043846305,7346.725425720215
17043841205,7476.4237060546875
17043842100,11390.967887878418
17043844701,7721.12744140625
17043842000,7782.201416015625
17043841603,6745.033583164215
17043840104,11278.939804077148
17043844601,6923.818281650543
17043845602,7102.4364013671875
17029001200,2584.798284173012
17043842900,8940.62109375
17043840201,8502.701066970825
17043841401,8270.12680053711
17043840101,7846.504348278046
17029000100,4684.733546957374
17031811301,6753.316467285156
17031750600,5737.75927734375
17031803008,6447.2486572265625
17031805110,8159.1448974609375
17031805111,12475.326828718185
17031805112,8974.785522460938
17031805201,5595.8826904296875
17031820300,7443.68408203125
17031820400,8463.180725097656
17031820902,4253.1527099609375
17031821001,9779.29541015625
17031827805,2848.860382080078
17031828000,7194.673583984375
17031828100,5684.962890625
17031828202,6539.605407714844
17031410800,8496.1552734375
17031829000,2044.9712176322937
17031410900,5625.77294921875
17031411000,0.0
17031411100,4145.59228515625
17031460400,5052.501953125
17031460500,4032.12060546875
17031461000,3176.31689453125
17031829200,5750.119140625
17031829301,6435.61083984375
17031829302,7348.525329589844
17031829401,5370.570251464844
17031805202,2192.1806640625
17031805301,3456.275634765625
17031805302,7074.49609375
17031805401,6766.178466796875
17031770400,6034.319430351257
17031800100,3018.482566833496
17031800300,3802.0894622802734
17031812900,9936.94677734375
17031813000,4815.09033203125
17031813100,8199.820068359375
17031800500,6431.117004394531
17031821101,7852.451416015625
17031821102,6612.4044189453125
17031821300,4547.324966430664
17099963300,3654.0700946748257
17031821002,9709.37939453125
17031828401,5575.886077880859
17031828402,6051.521179199219
17031561000,6649.267578125
17139977000,3695.2710708379745
17055040200,4716.873473221436
17055040400,5722.924534929916
17055040800,5000.408462014049
17055040300,3944.050551891327
17055040900,4633.674125671387
17043842706,6972.794273376465
17043844401,4606.742473602295
17031100200,13050.049560546875
17031804805,7567.4376220703125
17009970400,3850.060847503599
17009970500,6309.70031785965
17031020200,5282.2568359375
17031420700,7069.79052734375
17031805402,7531.2783203125
17031805501,6612.9962158203125
17031829600,5199.214111328125
17031420800,5392.22021484375
17031470100,3290.281005859375
17031480100,2145.295166015625
17031480300,2600.93115234375
17031480400,6902.423583984375
17031805502,4915.67333984375
17031805600,8470.542724609375
17031830001,3273.746078491211
17031830006,4527.222900390625
17031650400,18210.24951171875
17031650500,15363.519711017609
17031800600,5435.1787109375
17031801000,8756.003295898438
17031801100,12420.265625
17031801200,3711.9425525665283
17031811402,5285.17138671875
17031813400,12608.3974609375
17031813200,4152.42236328125
17031805702,5380.197906494141
17031805802,5021.14306640625
17099964200,3014.6349182128906
17031821402,8429.195556640625
17031821600,6329.0557861328125
17031821700,2483.060302734375
17031290900,6700.429931640625
17031291200,6411.05419921875
17031806001,2459.583740234375
17099964300,4748.6630859375
17031801300,6001.4439697265625
17031801400,2049.936279296875
17031801603,5563.016056060791
17031801701,5712.7701416015625
17031806004,8305.617309570312
17031806300,4622.395751953125
17031806400,3848.983642578125
17031806501,2842.770263671875
17031271500,4652.947265625
17031292400,6052.64501953125
17031292500,7339.198669433594
17031806700,9176.450561523438
17031806801,3044.8595581054688
17031806802,2511.902099609375
17031806900,7346.3997802734375
17031807000,12985.18115234375
17031801901,3381.4490699768066
17031801902,3874.17227935791
17031802100,5987.6947021484375
17031802200,8968.737884521484
17031271800,4627.6787109375
17031280100,10928.37158203125
17031280400,2117.62646484375
17031300700,13355.572265625
17031301100,14962.193359375
17031301200,2646.58056640625
17031480500,7046.709716796875
17031490500,5277.8302001953125
17099962200,8079.726461375598
17099962600,7767.920209884644
17099963400,5896.209038157016
17099963800,7648.649775862694
17099962000,6155.930900365114
17099962700,2452.50439453125
17099962100,5771.193947315216
17099964100,6908.985477470793
17099963200,4465.000516295433
17099962400,6941.94685921818
17099963600,6217.368755340576
17099962500,3717.5088872909546
17099963900,6606.134914278984
17099962900,7204.58251953125
17099963500,6286.1636852175
17099961800,5890.821291521192
17099961900,6318.154184222221
17099962300,10793.396755635738
17099963700,8593.353427955415
17099963000,6225.830230951309
17031520200,5875.742431640625
17031520300,6555.1337890625
17031520400,4956.29638671875
17031520500,5453.3240966796875
17031520600,7158.576416015625
17031660500,8479.4912109375
17031660600,17957.69384765625
17031660700,6492.946044921875
17099962800,6707.5479736328125
17099964000,3858.7327693365514
17031660900,12413.8515625
17031661000,10115.7900390625
17031802300,5166.356582641602
17031802402,6402.1460971832275
17031802503,10732.6162109375
17031802504,6770.4495849609375
17031301600,7415.2939453125
17031490600,3808.926025390625
17031490700,3509.388916015625
17031490800,6683.417236328125
17031491000,6463.76025390625
17031491100,6305.744140625
17031530200,7022.6669921875
17031530300,4047.775390625
17031530400,3463.703857421875
17031530600,3095.3095703125
17031560100,1580.127197265625
17031670200,4020.848388671875
17031670400,4001.335205078125
17031661100,7859.17333984375
17031670100,4077.92041015625
17031802701,9715.422973632812
17031802702,10458.444244384766
17197883505,18275.628856658936
17031260900,4694.09228515625
17031261000,4603.251953125
17031281900,11944.87939453125
17031310300,2983.62158203125
17031310500,6179.83837890625
17031491200,3144.7177734375
17031491300,4051.773681640625
17031491400,6950.234375
17031500100,6474.286571502686
17031500200,3829.8399183750153
17031500300,1764.51318359375
17031560200,2286.4296875
17031560300,4525.41064453125
17031560700,3644.43603515625
17031560800,11743.5400390625
17031560900,6586.295654296875
17161022200,8850.777709960938
17031801702,7625.274383544922
17179021604,2192.7840041816235
17091011000,3523.46672671102
17091011200,2821.476001948118
17091012100,3852.265266418457
17091012200,7373.995667457581
17091012500,4974.49854528904
17091010400,8123.050402253866
17091012600,8389.861949630082
17091010300,6348.429870456457
17091010100,4491.727198198438
17091010500,12671.273201942444
17091010800,7240.481943666935
17091011900,3918.2607421875
17091010900,6619.066001266241
17091011400,2813.5883771181107
17113005201,1509.062854848802
17179021102,10300.485412597656
17179021101,8927.282470703125
17143001800,2073.080810546875
17143001900,6705.58349609375
17143002000,3029.174560546875
17143002100,5345.416015625
17193958000,3163.5721023082733
17193958100,4570.044601544738
17155954500,4416.844661764801
17155954600,4434.6631029210985
17139976900,6794.321486875415
17139977200,5985.596118927002
17139977100,4795.949807990342
17143005000,3552.001708984375
17201000512,7335.334924221039
17031010400,2587.2023963928223
17031280800,3395.71044921875
17031806600,3500.1617431640625
17031806502,8736.661880493164
17031805902,13277.333618164062
17031130200,4597.42431640625
17031804202,15166.20843219757
17031804701,9027.814161680639
17031803605,9387.901000976562
17031240200,8486.1376953125
17031824105,8334.799072265625
17199020100,5697.445030968636
17199020300,8096.447882950306
17199020600,7394.15011196211
17199020900,6631.83970451355
17199021200,6912.563248634338
17031808200,11024.845809936523
17031030300,7646.58251953125
17031030400,6151.224609375
17199021400,8270.969652009197
17031804306,7868.3968505859375
17031020400,7089.28662109375
17169970300,3821.559289223049
17169970200,4355.770026296377
17169970100,3482.0254856788088
17031221200,8550.6533203125
17031826500,11343.59375
17031825302,10170.371253967285
17031824107,9733.032836914062
17031830202,5688.289611816406
17201002301,6683.233847618103
17199020400,4379.353515625
17031030200,9374.4970703125
17031030900,6351.373046875
17031031000,7163.9287109375
17031980000,177.54446411132812
17031822400,13076.476928710938
17031815702,7372.385192871094
17031817900,8564.265951156616
17031811900,11543.429893493652
17031110100,7942.124786376953
17031031400,9125.287109375
17031040900,8139.11572265625
17147954600,8894.33795941621
17147954500,6881.618465125561
17147954700,5830.944426270202
17147954800,4200.435543471016
17199020500,4605.195457458496
17199021100,5403.642395019531
17031818600,7840.2086181640625
17031804807,8730.180541992188
17199020700,7828.320780519163
17199021300,7981.578131198883
17031823903,5752.382965087891
17031815701,6555.316650390625
17031811600,5266.5760107934475
17031802900,9513.379516601562
17031031700,6857.150390625
17031801605,8636.736267089844
17031801800,11735.919473648071
17099961701,10721.676717668772
17031800400,5939.31501865387
17031071700,11158.828125
17031819000,11897.27936553955
17031050500,6838.48046875
17031823904,6009.626892089844
17031820103,7912.254699707031
17031805801,5649.816680908203
17031828505,10431.660459518433
17031830004,9678.026428222656
17031828503,6036.057328701019
17031802002,8925.294982910156
17031826202,8513.69140625
17031800700,2633.9432983398438
17031818401,3972.4815826416016
17031823102,8238.547061920166
17031630400,10760.2880859375
17031010100,7926.4404296875
17031822802,2494.76806640625
17031827902,7845.531308174133
17031829902,11445.943544387817
17119402722,5002.10015141964
17201000403,8518.85400390625
17119403802,6652.726688917726
17119401000,3082.3800373841077
17119403532,6277.688355028629
17119403502,9362.33090019226
17119403601,5360.494812965393
17119402400,3077.8483324050903
17119403101,9368.323251500726
17119401300,7515.444412231445
17119401721,8661.169525146484
17119402000,7015.7252197265625
17119402701,10712.290852546692
17119402801,6028.325772464275
17119402803,6166.749940276146
17031804712,9823.523803710938
17119402900,6129.324447631836
17031804505,2934.8677978515625
17031804606,10125.761627197266
17031807800,2861.494861602783
17031808400,8415.908767700195
17031811100,11324.740997314453
17197884103,5854.921345293522
17031030500,9561.736328125
17197880119,8377.488327026367
17197880702,9233.777089118958
17197880411,13179.657606095076
17197880421,13122.085495948792
17197884101,11713.706888616085
17197880901,13162.707673072815
17197883522,6525.04240322113
17197881604,7455.237060546875
17197881112,14672.67575597763
17197883515,7477.968049526215
17197883514,14835.365956306458
17031828801,8399.888412475586
17167000503,8915.632751464844
17167000501,2848.6022338867188
17031820501,9000.212818145752
17031814700,6040.3427734375
17031819100,9489.597961425781
17031171100,5364.39306640625
17031180100,10171.169921875
17031251900,12712.24658203125
17031990000,104.4866394996643
17027900602,9125.486777942628
17027900601,3480.4389122119173
17027900401,1958.553405597806
17031020500,11463.5498046875
17043846304,12990.31876373291
17097861611,7015.010803222656
17043846307,6259.558807373047
17043841114,3497.795211791992
17043841322,6998.572021484375
17031081000,24147.544921875
17031130100,7224.2958984375
17043841108,5959.95817565918
17043844202,4090.6845092773438
17043845100,10192.101501464844
17043840000,7272.068940103054
17043840600,7100.143310546875
17097863400,6149.996688842773
17097863500,6602.396373748779
17097863603,7374.937259674072
17031170300,4953.2685546875
17031170400,4639.51025390625
17031170500,7545.685546875
17097863701,7183.175674438477
17031260500,4599.40087890625
17031260700,6434.45166015625
17031260800,5352.5546875
17019001301,11163.036834716797
17019001205,8280.88887925446
17161021400,3041.2650146484375
17161021500,9096.459838867188
17027900404,2367.846380817704
17027900403,6105.995376169682
17097863601,4690.143691539764
17097863702,5704.249378859997
17097863801,7637.09140586853
17031170900,5546.1591796875
17031171000,7885.671142578125
17031251800,4312.50830078125
17031252000,6583.123046875
17161024102,7521.539212591946
17031130300,6900.36962890625
17161020200,7365.213364586234
17161020900,6189.790832519531
17161024103,5967.696108005941
17161020400,7739.354429721832
17161024101,5235.569829322398
17031530100,4032.491943359375
17031824601,10355.432846069336
17031190200,17193.314453125
17031190300,7230.11962890625
17031190800,17880.23681640625
17031260100,2661.799560546875
17031260200,2230.796875
17091010602,8067.183549642563
17091010702,15991.992778599262
17091010201,3427.989129424095
17091010601,9811.011309981346
17031828201,4454.375823974609
17031825000,6698.673815488815
17031824300,8240.545837402344
17031818500,9165.818092346191
17031823400,10858.634410858154
17031821500,6533.62459731102
17031825400,9024.143705368042
17031830005,3396.9817962646484
17031824505,6851.273834228516
17031824800,12719.092529296875
17031230300,9754.201171875
17031803608,11121.445651054382
17031191200,2717.97705078125
17031200100,6607.17626953125
17031200200,9731.280029296875
17031230100,7544.8505859375
17031230400,6805.5859375
17031823001,11085.388061523438
17031230500,13783.145263671875
17031351100,5920.44482421875
17031827500,11919.808578491211
17031807600,12105.041961669922
17031826201,4889.992947816849
17031770500,7009.8064432144165
17031820202,11107.602275133133
17031611700,5680.7451171875
17031819700,5983.791015625
17031300500,10610.72265625
17031816100,14859.752564370632
17031818700,5222.25537109375
17031817300,3466.78466796875
17031811500,16686.224639892578
17031081700,17714.37109375
17031081800,7806.7919921875
17119404100,4535.60843199864
17031050800,8164.7861328125
17031210100,7313.978271484375
17031210400,7899.92333984375
17031230700,10241.1552734375
17031230800,6654.6298828125
17119403533,13113.973876953125
17119403702,8869.17970880866
17119403701,9623.396649956703
17119403603,2606.604913711548
17031820502,6016.566968917847
17031820901,11089.730955958366
17031550200,4297.531555175781
17031823200,6194.218414306641
17031823304,11805.221557617188
17031822602,13576.404296875
17031820104,3737.6243286132812
17031820700,18192.106002807617
17031804603,6368.32920217514
17031811800,10008.612396240234
17031770300,10940.291026093066
17031805109,5351.7774658203125
17031828300,4794.927743196487
17031824900,7192.526947021484
17031820800,6509.329874753952
17031300800,11593.7958984375
17031191100,17299.46630859375
17031230600,11245.42578125
17031827801,6823.749328613281
17031801500,7598.097473144531
17031806002,20130.10757446289
17031811701,3505.712562561035
17031823803,12753.540969848633
17031060900,0.0
17031210700,7495.33251953125
17031817500,6751.88720703125
17031818300,8053.485168457031
17031816500,6625.8505859375
17031805701,3349.7269744873047
17031804803,11843.088745117188
17031804105,6463.016932487488
17031120100,3081.6822509765625
17031804705,6270.000732421875
17031803603,10484.418640136719
17031820101,12385.253173828125
17103000700,2997.0281454445794
17103000300,5891.154905676842
17031062000,16398.96484375
17097863902,7096.220275878906
17097863903,7723.368682861328
17097863904,10258.452514648438
17097864001,9251.836280822754
17097864002,10048.151992797852
17031611200,8374.83984375
17031061500,9327.8505859375
17031062200,10141.2685546875
17031823801,12020.635168274865
17031827901,4575.378005981445
17031829500,7486.889340877533
17031090200,3315.667724609375
17031090100,3152.845703125
17031829100,5105.099304199219
17031824503,12544.747154980898
17031824106,11332.766153335571
17031801608,10751.38537979126
17031805901,5657.358093261719
17031826401,4510.36474609375
17031260400,2011.459716796875
17103000600,5689.240585327148
17103000200,4932.42347311601
17103000400,10587.570140719414
17103000100,4400.974350143224
17103000900,5301.811588961631
17103000500,8185.894017070532
17103000800,5684.805577214807
17031804102,12110.136291503906
17031811200,7057.9968910217285
17031770800,8439.653015136719
17031802605,5222.977783203125
17031803800,4124.184509277344
17031210900,6551.68408203125
17031803901,6530.486171722412
17031801601,3132.931869506836
17031800900,6313.184814453125
17031804305,9336.014526367188
17031031200,19798.498046875
17031062600,6832.76025390625
17031062700,8785.8330078125
17031062900,10130.326171875
17031063100,13952.59765625
17031063200,19003.314453125
17031800800,3242.908493041992
17043846104,7846.6053466796875
17031070400,9971.77734375
17031100100,4350.64013671875
17031100300,7268.703857421875
17097864105,12002.322630405426
17097864106,9094.346393585205
17031140100,10393.3525390625
17031140200,11112.908203125
17031140400,17404.723876953125
17031140500,7459.486328125
17097864513,8281.527767181396
17097864514,2558.4437255859375
17097864519,12755.318603515625
17043844602,8127.469177246094
17043844702,8673.932312011719
17031070200,10513.3974609375
17031070700,5398.58984375
17043841210,7331.352384567261
17031070600,8673.8056640625
17019010603,11727.823231756687
17019010604,5694.0799961313605
17019005402,4317.397194623947
17201003711,7945.818081791513
17019005401,6989.062881469727
17201980000,133.10841116600204
17031100400,5757.069091796875
17031100600,10245.296630859375
17031100700,10456.020263671875
17031110200,4399.19775390625
17031150200,12640.01123046875
17031150300,10480.890625
17097864107,6633.8459548950195
17097864108,9031.484741210938
17097864203,9439.558409571648
17097864204,9946.057264328003
17043845704,7239.8511962890625
17043845802,4369.066589355469
17111870302,8076.248461723328
17111871109,9401.868392944336
17111871209,8929.882049560547
17111871310,7172.6365966796875
17111871600,10601.216033935547
17031140800,14712.759765625
17031231200,6454.83349609375
17043843301,4786.3388671875
17043841207,6736.8798828125
17043841706,5672.0136795043945
17043842709,4478.5828857421875
17043841321,4317.622299194336
17043841318,8590.370574951172
17043841503,3320.35986328125
17043841605,7301.240926794708
17089854700,4803.552001953125
17111871311,9203.306086063385
17043845703,8409.135559082031
17043846206,6377.147705078125
17005951500,7060.089745607227
17043846102,5137.264297485352
17165955600,3465.1302799484693
17031671600,4905.1943359375
17043846413,9965.70532989502
17097864520,13936.287109375
17097864521,4107.988872051239
17097864601,5973.608581542969
17097864602,6910.686553955078
17097864700,5373.665924072266
17031120200,6711.650207519531
17031120300,11633.021240234375
17031120400,2311.72705078125
17043845508,4954.0804443359375
17043845000,3841.4190673828125
17043845200,4253.147216796875
17043845300,5145.475036621094
17031231500,7007.45068359375
17043846513,4450.4337158203125
17043846510,4047.318073272705
17043841705,5796.492889404297
17043844002,7399.2421875
17043845510,5266.015380859375
17043845901,5230.682964324951
17097864206,5082.1805419921875
17097864303,9062.797996520996
17097864306,4961.96569442749
17043845502,8377.435424804688
17097864307,2637.660541534424
17031071000,9884.8388671875
17031071200,6558.48974609375
17031110300,8009.8115234375
17043845805,6742.823702812195
17031220300,6208.96337890625
17031220500,7734.52685546875
17031240500,7220.94677734375
17097864802,4068.502655029297
17097864901,7625.293273925781
17097864903,6876.470977783203
17097864904,5628.268829345703
17097864801,9726.675680160522
17097865000,2442.0907573103905
17031060500,7286.89306640625
17031240800,8349.0009765625
17031240600,9220.4013671875
17031240900,10348.986083984375
17043846002,6884.573631286621
17043846201,11255.918090820312
17043846202,7389.1849365234375
17043845601,7192.0635986328125
17043845701,8386.646362304688
17089853008,6763.986419677734
17089852906,5554.819339752197
17031803100,4234.1036376953125
17097864308,6451.579307556152
17031310700,6260.75927734375
17031020602,7319.48779296875
17043845702,6711.767333984375
17043842708,2773.164520263672
17043844001,6349.8719482421875
17043846509,3549.022735595703
17043846308,4737.5045166015625
17031310900,8822.8046875
17031510100,4748.358596801758
17031510200,7364.7689208984375
17031561100,9906.674072265625
17031190701,9927.5224609375
17031020901,10689.451171875
17097864510,6188.18603515625
17097865200,8690.48193359375
17097865300,5227.045715332031
17097865400,5316.522506713867
17097865501,4900.867121696472
17097865502,4464.160245895386
17097865600,6206.27625143528
17043846203,7451.2554931640625
17043846205,4221.131286621094
17031570100,2820.4849042892456
17031570200,1761.302490234375
17031570300,7336.40234375
17031570400,3905.76025390625
17031690400,4350.2119140625
17031691300,3264.8857421875
17031691400,11619.97509765625
17031691500,3074.1396484375
17105961000,3722.939563551452
17105960600,5320.3897141218185
17105960400,5010.780143708922
17105960800,7908.554808408022
17105960500,6387.748286858201
17105960300,5606.203552640043
17105960900,3929.4238047786057
17105960200,7440.273416846758
17145030400,4586.682999463752
17145030200,10767.620665397495
17145030100,4300.164213696495
17145030600,4658.996772766113
17145030300,2897.485046042828
17145030500,3479.0204837471247
17201000700,5072.082366943359
17043846207,12560.872924804688
17005951400,4333.27721324563
17005951200,5704.330767177045
17005951300,8561.27989628911
17031320400,3141.871856689453
17031580100,3520.792724609375
17031580200,2482.60986328125
17031580300,1047.6793212890625
17031580400,17059.505737304688
17031580700,21566.17578125
17043846103,10112.366760253906
17031681300,3832.68408203125
17031681400,4665.203125
17031690300,3455.12255859375
17031690500,4193.07421875
17031690900,5544.99267578125
17031691000,3023.958251953125
17031700100,4644.638732910156
17031700200,4208.0859375
17031320600,5680.73193359375
17031330200,4497.22509765625
17165955100,3602.961561203003
17165955700,3432.958415204659
17031590500,4544.931640625
17031590600,8603.748046875
17031671100,4436.490234375
17031671300,9436.37158203125
17165956200,4808.778322162572
17165955500,2533.6987686157227
17165956100,3833.1790588498116
17165955800,5875.278405368328
17097866000,10641.623844504356
17031671800,4336.44873046875
17031710200,11847.24072265625
17031710400,9576.37548828125
17031710500,11726.20361328125
17165955900,3728.7962124943733
17165956000,1760.2634382247925
17031710800,5336.43017578125
17031430300,4954.1884765625
17031340500,3722.244140625
17031340600,1636.60400390625
17031430200,5590.09814453125
17097866200,10902.79810142517
17019011100,1304.8731689453125
17105960700,6830.345619767904
17105960100,5552.118896484375
17195000400,4629.231186722405
17031510300,5508.8662033081055
17031520100,2362.926788330078
17097863004,7554.10733795166
17031590700,2469.169921875
17031824115,7554.884033203125
17031825303,5853.6248779296875
17031830007,10663.294860839844
17031813801,5116.13427734375
17031830600,11293.859375
17031830700,12746.9921875
17031830900,5249.587158203125
17031835200,3864.218994140625
17031839900,6161.824462890625
17031834700,3815.264892578125
17089850500,6928.749903678894
17089850600,13416.440133571625
17089850703,4292.401752233505
17089850301,12143.643798828125
17111871108,14632.224395751953
17111871208,5426.91015625
17031832500,3068.292236328125
17031832300,2054.133056640625
17031838300,7797.4072265625
17031831800,7613.633239746094
17031831700,6799.70556640625
17031835100,9016.680603027344
17031843700,12467.778564453125
17003957700,2630.498856699327
17003957800,1773.043221341446
17003957600,3528.9482274968177
17003957900,1839.8895384073257
17195001600,2573.0421257019043
17195001800,3181.677510738373
17195001000,4844.2497651577
17197880430,6592.1632080078125
17197880510,5780.682861328125
17197880123,4854.734924316406
17031220702,11283.4677734375
17031842100,5774.638671875
17031843300,520.9592895507812
17195001500,5943.339630126953
17197883219,4845.5200036764145
17197880324,8753.488037109375
17197880429,8873.797117233276
17197880323,9911.401663780212
17197883217,8680.646484375
17197880322,7047.748962402344
17197880427,6921.56233215332
17197880124,10242.56543391943
17197880325,4736.08642578125
17197880320,8007.4783935546875
17197880319,10958.211547851562
17197880321,7979.792419433594
17197880318,7939.357474565506
17197880425,9013.975524902344
17197880424,8454.263014614582
17197880423,3601.8201293945312
17197880317,9242.157761573792
17197880125,9618.252309083939
17197883218,5522.553253173828
17197880428,6318.01806640625
17197880426,9254.346252441406
17197880122,11315.339965820312
17197880511,6649.82763671875
17197880422,8000.863388061523
17197880432,14529.075805664062
17197880431,9353.307006835938
17197880508,9630.862548828125
17197880509,7332.101959228516
17197880315,9750.436279296875
17031836500,3117.68994140625
17031843900,3481.359201401472
17089851801,19773.955625534058
17063000103,13358.978628247976
17043841003,4238.897766113281
17043841316,7104.798748016357
17201003100,8911.04345703125
17031490901,8131.40234375
17197880326,8017.2830810546875
17197880316,4868.359222412109
17031824123,6186.248840332031
17031804405,8042.801696777344
17111871107,10203.1181640625
17111870301,7457.936606660485
17201002302,1802.096206665039
17201002400,2762.8824138641357
17201002500,7468.256286621094
17201002000,2005.0620574951172
17115003100,6441.637115478516
17031831100,9535.3544921875
17031831500,12104.254150390625
17031831600,15636.822509765625
17031843100,6733.817138671875
17031842900,6441.453796386719
17031843500,7053.830047607422
17031842000,4914.83837890625
17197880304,9843.156127929688
17197880303,8679.689575195312
17197881302,584.6877403259277
17197882801,5856.774658203125
17197880118,8428.822860717773
17031804508,3689.2152099609375
17031770901,7742.33935546875
17007010400,15366.067972779274
17161024300,4989.37446218729
17031823805,3679.44970703125
17007010200,12444.604625701904
17031834900,7415.841552734375
17031832200,7358.05517578125
17031836700,9145.951171875
17031836800,3821.114013671875
17031833000,3348.8939208984375
17201002700,7105.002685546875
17201002800,2143.2625732421875
17201002900,1358.2967529296875
17031842500,1915.45458984375
17031841800,10198.382690429688
17031980100,6448.925724029541
17031843800,2116.9300537109375
17197883804,4884.126163482666
17201002600,6052.60400390625
17197880115,6247.671142578125
17197880116,6541.257080078125
17031841000,1857.44775390625
17031834200,6134.6220703125
17031842200,1988.0298957824707
17031838000,5245.83251953125
17031010702,10277.314453125
17031010502,12993.1875
17031010701,9979.673828125
17031020902,10115.4931640625
17031020302,6163.29736328125
17089851500,2311.9384765625
17031020301,5973.07666015625
17031760803,7941.97998046875
17031530503,12248.002685546875
17031650302,7284.31005859375
17031530502,2646.342529296875
17007010300,10766.228759765625
17091010701,5385.630936264992
17031803611,10814.422607421875
17063000102,13010.683415651321
17031831300,3344.279541015625
17031831400,9534.312255859375
17031837000,4430.103515625
17197880117,5688.297882080078
17197880701,7177.314437866211
17197880418,11177.37255859375
17197883212,11203.167593479156
17197883509,9065.188488960266
17167001003,1241.5509033203125
17043842711,7234.866282969713
17031842400,4717.640625
17031832100,9262.2177734375
17201003000,3825.92236328125
17201003200,4838.154113769531
17201003300,5744.66064453125
17201003400,3931.7452392578125
17031020802,12219.9287109375
17031020702,9857.21875
17031020801,5437.41943359375
17031040202,9256.4404296875
17031040201,7945.49853515625
17031040402,7804.59326171875
17089852300,4966.7724609375
17197883401,7550.360969543457
17031806202,6670.4066162109375
17197880903,8682.374755859375
17197880412,7656.379333496094
17031030703,16453.916015625
17043846408,5762.357772827148
17089851102,4723.2730712890625
17089852807,6981.647510528564
17089851907,11926.113249778748
17089851909,5265.4130859375
17089850103,10321.145502090454
17069971000,2497.320632081479
17043841314,9610.005737304688
17031490902,8318.667724609375
17031301801,1319.1805419921875
17031700301,10825.44775390625
17031301702,10704.171875
17031700401,7967.4765625
17031803612,1434.054443359375
17031803702,8657.975708007812
17089852500,14372.883507490158
17031804713,6969.5107421875
17031804309,6219.3170166015625
17031804510,11619.109130859375
17031837100,4528.3050537109375
17031837800,2997.752685546875
17031837300,4065.703125
17031838700,5601.966796875
17197880602,8147.215347290039
17197881009,13256.282569885254
17197883305,6640.146168231964
17197883904,9046.346122801304
17197883903,3481.0316330194473
17043846004,5931.065689086914
17043845902,4101.333196640015
17043845402,4630.961120605469
17043845401,5051.807067871094
17043845811,3915.6572265625
17097861108,9166.204956054688
17031150501,5421.61669921875
17031150401,6097.41748046875
17031150502,6208.3076171875
17031110502,9019.12158203125
17031150402,5527.7763671875
17031140302,11833.3994140625
17031700302,10190.275634765625
17031580501,9242.6982421875
17031580502,10577.4638671875
17031730201,5386.5849609375
17031301802,7551.67041015625
17201003500,2876.776870727539
17201003602,9715.238342285156
17201003605,2786.7598266601562
17031804509,8944.675048828125
17031804609,7820.92626953125
17031804608,5283.19580078125
17031839100,12790.4658203125
17031833100,10868.33203125
17031838100,1571.7548828125
17031833300,5869.16748046875
17031838200,3446.5167236328125
17089850202,10846.834274291992
17089850201,9646.076257705688
17089853004,4077.6552734375
17089854002,7025.625165939331
17089852201,8878.6904296875
17089852904,8686.860656738281
17089852403,10439.051031917334
17197880601,6871.0555419921875
17197880414,11758.614074707031
17197883209,5192.124572753906
17089851600,8623.478515625
17197881010,8962.301641464233
17197881007,10692.836155891418
17197883511,4939.1080322265625
17197883809,5741.593216896057
17197883810,6001.140441894531
17197880305,10663.18896484375
17043845807,8391.110122680664
17089852806,13527.386770248413
17043846604,9097.07421875
17097861107,6847.534759521484
17097863003,9993.919921875
17097863005,10163.78662109375
17097861610,10669.463317871094
17097866100,7948.08154296875
17031140702,13470.47265625
17031140602,9776.3076171875
17031151002,7340.75
17031151001,8316.2861328125
17031190402,6622.9208984375
17031431301,15241.21923828125
17031431302,8808.1259765625
17031460302,5338.84423828125
17031700501,10219.61474609375
17031700502,5370.040813446045
17163503404,7967.187990665436
17163503414,6816.181427001953
17163503411,6151.340476989746
17163503906,8055.504671394825
17201003708,8338.109187364578
17201003709,6924.5128173828125
17201003606,3805.0396728515625
17031812301,6332.033203125
17031813802,5682.537109375
17031813701,4061.581787109375
17031820603,3390.015380859375
17031841100,10303.6142578125
17031840200,6212.685302734375
17163504352,6499.653135299683
17031841300,5404.147705078125
17031840700,12214.704833984375
17163503304,12227.394179396331
17119403534,7422.1033204980195
17119403604,9475.995920181274
17197881108,14660.78010122478
17197881402,3078.66845703125
17163503322,11186.722610473633
17197883208,7003.3306884765625
17197881012,6986.753692626953
17197880307,13153.651916503906
17197880309,9968.417877197266
17197880203,5882.75634765625
17197880114,5085.612518310547
17197883605,5587.524108886719
17133600102,9631.761787666008
17031190602,9787.4296875
17031190401,5217.58056640625
17031191302,7313.3623046875
17031190601,6653.513671875
17031191301,6645.099609375
17031200402,9528.4638671875
17031200401,6574.34619140625
17031210501,11239.3994140625
17031081403,7284.8740234375
17031440102,773.0501708984375
17031440202,14749.12353515625
17031824113,7840.740509033203
17031825304,6185.843017578125
17031830008,5679.2501974999905
17031803012,3639.9520263671875
17031802607,1382.940185546875
17031830500,3086.378074645996
17031840100,6675.3935546875
17031840400,4022.43701171875
17031839200,3537.3984375
17201003710,4613.08039855957
17031835500,3354.1925048828125
17119404000,4679.535415649414
17197881011,8847.231811523438
17197881116,5926.636497497559
17197883519,11715.902610778809
17197883516,15636.963333129883
17197882802,8873.270385742188
17197883216,3397.7728271484375
17197880905,3985.25244140625
17197881401,7029.221923828125
17197882701,4932.466552734375
17031804404,5596.212982177734
17197883517,4715.252746582031
17089852101,12262.570777893066
17089852805,12366.869735717773
17089850101,13784.311462402344
17113005800,8783.526306152344
17163503324,10498.558227539062
17043841113,6492.892333984375
17043841111,5707.660827636719
17043841704,4754.239501953125
17201003808,3913.2738037109375
17201003809,7578.680358886719
17043841112,5146.955078125
17043841323,3751.298583984375
17201000104,4588.301849365234
17201004200,10041.174888551235
17163503332,5523.1700439453125
17089854600,9008.847412109375
17043841326,5318.828729510307
17043841404,4767.61098575592
17083010402,3516.821958378656
17083010401,10138.9988463521
17201000300,6275.74072265625
17043841313,2676.2055740356445
17043841325,6944.226806640625
17201003604,4195.125244140625
17201004300,8329.671387255192
17201002200,5096.915961265564
17201003904,7897.679795742035
17201003601,2126.82322537899
17201003705,7596.7805279791355
17201004100,8653.925792716444
17201003707,5504.943120002747
17201003903,9251.662769794464
17201001200,5376.380859375
17201003805,12741.81575012207
17201000501,3522.826904296875
17201000200,5444.6971435546875
17201003706,8719.889144897461
17201003801,10963.170329809189
17201003901,7409.849005639553
17201004002,10511.059237957
17037002100,3810.9857788085938
17037000800,12119.251281440258
17037001300,6665.208251953125
17037001800,7336.896665118635
17063000400,15169.080364227295
17063000800,14152.404226751067
17063000500,5927.715384811163
17063000600,5697.119823738933
17163502404,6177.158315420151
17163504002,9060.296231240034
17163503412,8512.966480255127
17163504001,7743.034661959857
17019010100,8016.426763181575
17163503903,5498.472501635551
17163503905,4343.548702478409
17197883504,11798.49020832777
17197883803,1629.746826171875
17031030604,16533.205078125
17043840906,3772.852294921875
17119400102,6923.674072265625
17191955200,4818.625752329826
17191955000,6138.418633103371
17191955300,4344.525869135745
17191954900,4721.844492548145
17191955100,3397.6352553367615
17111871105,12861.121826171875
17111871207,9980.769958496094
17043840304,5505.8232421875
17043841308,5997.150151953101
17043841310,5699.788200378418
17201000502,7428.454406738281
17043841504,6118.1019287109375
17043841607,6739.208251953125
17043846412,7084.272705078125
17043846410,5256.483322143555
17043846411,5903.545709013939
17201000105,7118.346984863281
17201000401,4166.02978515625
17201000402,6152.7332763671875
17089854900,14743.938125610352
17089854800,14501.509766101837
17163503800,1243.2519989013672
17201000101,7404.462860107422
17043841902,6452.43408203125
17043844305,6233.611572265625
17201000103,6272.450378417969
17201004003,6028.203778266907
17201002100,4288.190319061279
17201003806,7516.538792490959
17043846106,6343.604610443115
17043844802,7077.945037841797
17043844902,6491.0577392578125
17043846003,7093.147216796875
17137952300,4730.154578372836
17137951600,4490.28927230835
17137952000,6793.6779595166445
17137951400,3965.6436181599274
17137951700,3748.826259613037
17137952200,4516.218644414796
17137951500,4765.394676551223
17161024200,6588.691055297852
17133600401,9909.643341183662
17037002000,9172.169654607773
17087980000,1960.5382339954376
17163504355,7349.374893188477
17163504600,3407.0545921325684
17163503323,10118.760261535645
17163503334,11328.053833007812
17163503413,6586.912322998047
17163501605,2636.61279296875
17197883304,4505.014372944832
17201000506,6157.649383544922
17201000507,4909.9710693359375
17201000510,5054.861145019531
17163504354,9548.75658607483
17163501604,6741.469055175781
17163504351,5664.345642089844
17201000511,5746.420188903809
17063000300,4614.8849811553955
17063000900,7829.615978684276
17063000700,8687.461878988892
17063000200,11055.096430967562
17201000513,6792.27717590332
17201000600,6466.77880859375
17201000800,4999.240966796875
17163501400,4364.278717041016
17163503202,9590.094999074936
17201000514,4804.601177215576
17197883307,8303.106731757522
17197880408,9723.591552734375
17119401400,5941.164398193359
17119403801,7135.371281206608
17119400903,7581.748409874737
17119403121,14361.810897827148
17119402721,10478.29729270935
17119401800,9484.691325187683
17119400700,2939.2773666381836
17119401200,2802.647104024887
17043843602,3502.3717041015625
17043843601,6614.89208984375
17043844307,6456.242431640625
17043844306,6752.5469970703125
17043844502,3954.1547470092773
17197883603,3048.9721450805664
17197883700,2347.0048217773438
17197883806,6443.0146408081055
17031804804,8262.636672973633
17043845506,7101.0357666015625
17043845810,5185.6876220703125
17043845809,8176.143249511719
17197881005,6099.283447265625
17197883902,12328.030845701694
17197881002,9272.914142608643
17197882900,3659.8050482422113
17043846311,9401.906982421875
17043846105,4408.8349609375
17043846312,5421.6260986328125
17043846315,3956.23046875
17043846313,9521.303192138672
17043846209,7963.6824951171875
17043846208,5671.8912353515625
17043846514,8257.17431640625
17043846409,6339.295179367065
17043846522,4990.47607421875
17043846518,8822.290405273438
17043846515,7608.83544921875
17031081402,0.0
17031760802,8767.42868745327
17043841312,6231.931953430176
17043841320,3576.7770385742188
17043841324,4162.7347412109375
17185957500,4691.400006175041
17185957200,5220.672754243016
17043840910,11368.092895507812
17043841209,4330.9974365234375
17043840303,5004.5914306640625
17043846701,4811.391296386719
17119400101,3315.4306640625
17161020103,1337.1718451231718
17161020102,5446.992264807224
17161020101,3818.279629489407
17161020301,5270.565673828125
17161020302,5278.056997895241
17043841606,1066.8996505737305
17159978300,5179.378961138427
17159977900,5478.671634097584
17159978100,5147.351776123047
17159978000,3831.4752712249756
17159978200,3702.813331604004
17043846507,4545.6205406188965
17043846519,7050.071594238281
17043846511,7004.52734375
17043846517,6862.048583984375
17007010603,13848.510259509087
17007010502,11917.277087211609
17007010102,9640.004444122314
17007010101,6519.727233886719
17007010501,8097.174060821533
17007010604,10930.02799487114
17043841208,9114.045526742935
17043841403,10344.41244506836
17043844304,4469.648681640625
17043840704,4656.0701904296875
17043840705,4811.618453979492
17043840706,5879.462274551392
17043840703,8558.936317443848
17043846521,7168.343322753906
17043846523,3207.3818359375
17043846310,2582.30322265625
17043845808,6378.4534912109375
17043845505,6816.4290771484375
17043845507,8476.650146484375
17043845509,7128.67626953125
17043841110,5250.9849853515625
17043844501,6953.5205078125
17043840907,7194.00325012207
17043840904,6023.4939913749695
17043844801,6816.878662109375
17043844901,2337.7470703125
17043842710,5531.502479553223
17049950800,6801.722341269255
17049950600,7984.6048219799995
17049950300,6084.9065825697035
17049950100,5103.631476208568
17049950500,6109.46387425065
17049950200,7271.499540030956
17049950400,5446.375178590417
17049950700,4886.158817052841
17089851301,6081.962890625
17087977800,5053.003013683483
17043841004,5052.448791503906
17021958300,7713.994479238987
17097865802,4509.1827392578125
17097862401,9352.3486328125
17097865700,10387.573516845703
17097860805,2617.169667840004
17097860806,11774.451934814453
17075950500,6555.241669839248
17075950300,4755.636354681104
17075950800,3550.9774769358337
17075950400,4547.597383379936
17075950600,5027.946551441215
17075950100,4189.219783905894
17075950900,3416.14157915581
17075950200,5169.1675266213715
17075950700,4093.9463031208143
17167002900,8544.59813785553
17043846314,4344.4356689453125
17043841901,3360.156005859375
17099961702,4890.585634320974
17089851302,10505.712890625
17089854302,15540.425231933594
17089850106,16449.888502836227
17089851910,8487.976083755493
17089851908,9205.760711669922
17113001404,6738.611877441406
17113001106,2238.09619140625
17113001403,5028.700469970703
17059972700,3174.7071952293627
17087977700,4329.550066746771
17087977600,6339.7251486591995
17043841109,7537.275390625
17043846702,4403.834475338459
17043840908,4618.439859390259
17043840911,7806.470703125
17043843302,6292.5819091796875
17059972800,3659.5790447799372
17089853005,10557.610717773438
17089854504,14907.327109456062
17089852606,10697.945304870605
17089852808,17412.417854309082
17089852907,15788.871459960938
17089853006,4559.7421875
17089854301,8649.8046875
17089853007,16644.83349609375
17089852803,10229.372389763594
17115001200,3933.861273288727
17031540102,3849.9714965820312
17031700402,4657.0313720703125
17183011000,6056.206562809646
17183010702,4095.7658725604415
17097864402,12517.402321100235
17097864403,18308.70726966858
17097864407,11288.584655761719
17097864408,6706.81804728508
17097864511,13957.50129699707
17097864512,4584.426254272461
17031830100,4743.0828857421875
17031830201,6682.003326416016
17031830300,5496.22705078125
17031830400,7443.2945556640625
17031030800,7569.875
17031031100,8597.2255859375
17031811702,7362.349365234375
17031812100,3928.1162109375
17031821800,6290.7196044921875
17031821900,5694.908935546875
17031822000,4558.349609375
17031822101,4771.426025390625
17031828601,7506.257873535156
17031828602,5521.742919921875
17031828701,6873.066184103489
17031828702,6374.660195797682
17031822900,2171.9736328125
17037001002,5372.242782592773
17097864409,7992.2886962890625
17031031300,1783.7681884765625
17097864410,7421.099853515625
17097864411,6307.551521778107
17097864412,6163.5245361328125
17031031900,6586.7685546875
17031813600,15373.86962890625
17031822102,9065.932250976562
17031822200,2685.048583984375
17031822301,5457.41796875
17031822302,3748.8475341796875
17031822500,4458.681396484375
17031828900,6749.72216796875
17031828802,3589.5662231445312
17031813900,7531.2177734375
17031822601,6670.093994140625
17031822701,8947.73583984375
17031822702,7975.61376953125
17031822801,5443.1650390625
17031823002,5850.170166015625
17031814100,8736.376586914062
17031814200,7072.95361328125
17031814300,7406.62744140625
17031814400,9037.60888671875
17031823101,7054.7647705078125
17031823302,7703.042819976807
17031823303,6226.1483154296875
17031823500,3744.40283203125
17031814500,5857.95166015625
17031814600,11933.38623046875
17031814800,10408.687744140625
17031814900,7626.423828125
17031815000,7611.58349609375
17031815100,5932.2470703125
17031823602,5152.953308105469
17031823604,3398.4351196289062
17127970400,3214.3533086031675
17097863201,3311.7210693359375
17097863202,9611.404159545898
17097863300,4384.507568359375
17031823605,9416.445190429688
17031823702,5935.470275878906
17031815200,14609.77392578125
17031815300,3381.487548828125
17031815400,7595.696533203125
17031815500,5296.59814453125
17031823704,6330.9964599609375
17031823705,6176.11083984375
17031815800,1288.1287841796875
17031816000,12971.9892578125
17031816200,4347.6201171875
17031824507,3675.083221435547
17031824602,11363.884643554688
17031824701,4516.0582275390625
17031824702,5983.0679931640625
17031825200,2112.3624877929688
17031040100,14911.887939453125
17117957000,5370.137600749731
17117956000,4935.280092716217
17117956400,6899.417216360569
17031040300,2326.896240234375
17117957200,6212.807098388672
17117956700,5944.886109359562
17117956800,5349.670231997967
17117956300,5296.587099525204
17117956100,4880.549733256921
17117956600,6350.13915335387
17117956200,3585.453936512116
17031816300,8332.888916015625
17031816401,3846.2705078125
17031816402,9130.071044921875
17031816600,4299.97900390625
17097861301,3734.8240966796875
17019005800,9538.421142578125
17019006000,4402.785635903478
17097861504,15005.854507446289
17097861506,9894.676772117615
17031816700,7592.895446777344
17031825503,8149.827819824219
17031825504,7525.9088134765625
17031825505,7653.099197387695
17031825700,3567.0107917785645
17097863100,3827.5426025390625
17197883206,4641.972900390625
17097860302,1711.48486328125
17097860400,11144.279697418213
17097860600,8332.240090698004
17197880105,19068.14990234375
17197880107,8291.600402832031
17197880109,6478.062576293945
17197880106,8010.96337890625
17097862000,18575.951904296875
17097862100,3062.157470703125
17097862200,4998.72990077734
17097862604,5030.88916015625
17097862605,6207.685272216797
17097862800,2543.522077560425
17097862901,5111.619251251221
17097862902,5472.4520263671875
17197880111,7186.0537109375
17197880112,6241.44189453125
17197880113,5995.410888671875
17197881006,2782.561309814453
17197881500,4738.703369140625
17201003810,10977.853915065527
17201003811,3624.175977408886
17201004004,8687.427747011185
17201000516,3051.5781860351562
17201004005,7007.078017175198
17201000515,4855.1007080078125
17197881700,7692.861328125
17167003604,5679.23828125
17167003801,4322.6171498298645
17167003902,4780.149533957243
17197880202,13197.687756091356
17197883100,8549.50279763341
17197883602,11584.041739717126
17197882200,8398.296752929688
17197881105,12221.416599273682
17197880502,9046.305502414703
17031808800,5264.962741851807
17167000504,2726.757537841797
17019005500,5931.714979797602
17197881800,4227.68701171875
17197881900,10770.60595703125
17097862502,10015.474609375
17097862603,7930.4296875
17197882000,4851.3404541015625
17197882400,8819.465881347656
17197882500,1247.4267578125
17197882300,7571.293426513672
17197883000,10591.010971069336
17197881001,9570.153079986572
17197882100,5029.757629394531
17183000200,2213.9254760742188
17097860906,15394.064974188805
17097861007,6549.575412750244
17097864522,7212.353515625
17097864516,8628.498352050781
17097861902,9303.557312011719
17097860104,8108.721962153912
17097862700,5656.91650390625
17077011400,4116.262685775757
17031340400,4317.87255859375
17031816800,11062.846374511719
17031770700,4537.599426269531
17031806102,6219.3785400390625
17031808100,11734.236450195312
17031808500,4318.177185058594
17179020800,7836.965035974979
17097861804,8666.960205078125
17097861901,5308.696029663086
17097860905,10535.75925064087
17073030900,5523.363220214844
17073030400,3919.5218363963068
17073031100,4012.7663180083036
17031100500,8065.01318359375
17031801607,9199.647186279297
17031804106,11221.8154296875
17031801606,7091.350322723389
17097861013,5460.0723876953125
17121952500,3034.695581436157
17053962000,4542.54487913847
17071973300,3286.6848170384765
17071973400,2545.7554495744407
17071973500,3813.8833836794365
17177001100,3188.9052124023438
17185957300,3226.01025557518
17141961700,8581.666237473488
17141961500,7401.254984639585
17141961100,6844.893794352189
17141960800,5617.318518102169
17141961600,4246.001068435609
17141961200,11801.140283167362
17141960900,8116.030633956194
17141960700,5695.947549208999
17141961400,6029.964791297913
17129010300,3703.1694028549828
17113005102,12070.902210932225
17027900100,9326.313693881035
17027900200,2869.525348573923
17027900500,10959.432474175235
17027900300,10398.486256062984
17017960400,5187.090618133545
17017960200,3882.2305336222053
17043846405,6524.102487921715
17043841204,5999.638854980469
17031804810,10831.940795898438
17097861604,10473.409974992275
17031800200,11240.771301269531
17097860811,6964.404236607254
17097860903,9549.35383272171
17183000400,3451.664227962494
17097861607,6125.101734161377
17097861701,3599.3869670927525
17097862300,3554.8460693359375
17097862402,3560.953369140625
17097862501,7261.224365234375
17037000401,6756.180973470211
17037000402,8304.823821663857
17097861303,5686.8955078125
17097861304,6445.48193359375
17097861402,16551.7663025856
17097861403,4614.850769042969
17097861404,10605.266418457031
17031560400,3167.52978515625
17031710700,6901.47705078125
17019010300,7932.232210159302
17019001206,4786.4326171875
17031550100,8388.359690666199
17077010900,4156.90195145458
17077010300,4333.542352774413
17077011100,3543.06591796875
17097863604,4306.310028076172
17077010200,5959.970673990436
17097861010,11745.467866897583
17097861608,3510.1150512695312
17097860301,4628.5286865234375
17097864517,6065.612274169922
17097861507,3658.7687723636627
17097861508,4320.957672119141
17097861509,4808.130577087402
17097861510,9768.00863647461
17097861603,8845.186195850372
17033880200,5568.421200118959
17033880400,4626.595268249512
17033880300,3536.8759655952454
17033880100,4408.890354093164
17033880600,4272.841319382191
17033880500,5186.107186561916
17097861803,16568.985717773438
17097860809,4919.1197509765625
17097861105,7218.36555480957
17097864515,6013.029800415039
17097860500,7980.4564208984375
17097861008,7840.0008544921875
17097861009,10471.089866161346
17097861011,15331.775787353516
17097861012,7608.519293785095
17099963100,7065.145133197308
17117956900,4412.695031583309
17025972200,4282.389560743468
17025972100,7506.759506821632
17025971900,3528.065348735079
17025972000,3840.5697164088488
17137951800,6318.61376953125
17121952400,4002.3741092681885
17137951900,6034.285717755556
17137952100,5003.913100540638
17109010402,8257.822967529297
17109980000,4806.2728271484375
17109010401,1918.2705688476562
17053961800,6931.178370416164
17053961600,3082.1683238539845
17053961700,2842.0983412985224
17053961900,3336.9055440947413
17043841327,7266.3396072387695
17043841315,6609.423095703125
17043841604,4292.051707420498
17185957400,2606.7417760789394
17111870905,8636.097930908203
17031819200,9521.296264648438
17019000700,4963.9674072265625
17019000800,8917.351339288056
17019000901,6882.3828125
17019000902,10160.403372868896
17113001105,6053.139892578125
17113005900,8580.57568359375
17113006000,6973.132457507774
17019001203,7888.32763671875
17019001204,5162.889798164368
17019001000,3545.6246032714844
17019001201,11315.392211914062
17017960100,3509.674264690373
17017960300,3824.5200506229885
17131040100,6439.019855287857
17131040300,5680.245636001229
17131040200,5500.179282093421
17131040400,5715.25978717953
17091012300,7097.09716796875
17091011300,3396.3671137690544
17091012400,5913.632751464844
17031815600,7204.358200073242
17031818000,7189.385665893555
17031812000,9620.35302734375
17031829402,9458.75787961483
17043846504,9781.9814453125
17065973300,3802.9187039306853
17007010601,7862.207145541906
17133600502,5727.968974932097
17133600402,7689.038253005594
17133600501,12469.040877640247
17163501200,4768.390186309814
17163501300,6246.833847045898
17097860808,3970.870333790779
17197880204,10558.01431274414
17043843100,4436.914306640625
17163502300,8553.028273342177
17163502401,2876.936019897461
17085020402,5114.597113124095
17085020401,2811.56592297554
17125956600,2649.4251350811683
17125956300,3891.920864580199
17125956700,2680.382313007489
17125956400,2679.112468436535
17085020200,7880.04703719914
17163501602,8218.104614257812
17163501700,3300.340881347656
17163501900,6812.5374755859375
17125956800,3241.2306473255157
17177000300,5598.200765162706
17177001300,5525.073473453522
17177000800,3719.7456665039062
17161024500,256.1396881341934
17019000200,3856.435546875
17019000500,8854.512573242188
17179020400,8698.170166015625
17031823901,5965.997444152832
17163501501,2656.691104888916
17163501502,4679.263000488281
17163502100,3371.9851512014866
17163502500,2535.010118484497
17163503211,7055.966384887695
17163503301,6329.704528808594
17163503203,10136.231639146805
17163504353,5631.889030456543
17163502200,3407.9120445251465
17163502602,9537.47868347168
17085020500,4990.882607810199
17085020300,7672.008679307997
17163501100,1537.1110229492188
17163500400,3794.747802734375
17163502603,6453.338132351637
17163502700,1612.3369216918945
17163502800,3231.608274459839
17163502900,3268.062689051032
17161023300,6671.956298828125
17161020800,9677.948272705078
17161020600,3711.370138645172
17019010204,5453.689015120268
17019001302,5616.866153880954
17019001400,22598.719388008118
17125956500,4589.955676358193
17031811302,10001.74021744728
17031802802,8913.985229492188
17179021605,5269.1043701171875
17179021900,7314.433149173856
17179022200,8043.567309141159
17179022400,8280.745060682297
17177001200,8905.881178855896
17177000400,4955.330039173365
17177000500,4519.076512858272
17177001000,5779.182200431824
17177000100,6436.28404790163
17177000700,2705.267627120018
17177000600,5297.467095315456
17177000200,4931.25702573359
17177000900,8956.194332957268
17031829700,8972.732896447182
17031830003,10132.42447064817
17031823703,9853.027515411377
17031829800,9101.528015136719
17031804607,8385.990478515625
17179021802,3486.9190471032634
17031804709,12614.26171875
17031826800,7589.856283649802
17179021606,9990.112319350243
17179020700,7284.56173324585
17179021603,5984.506010890007
17179021701,9515.468254745007
17179020500,7373.670304715633
17179021201,6077.202347636223
17179020302,7590.849322319031
17179022100,6323.222214758396
17179021702,9740.42284849286
17179022300,7632.166126132011
17179021203,6191.810699462891
17179022000,6771.738444007002
17179021202,6397.560073852539
17179020100,4901.060322329402
17179020301,6577.741399765015
17179021801,7242.530791372061
17179021500,12582.910290300846
17019001100,6679.085693359375
17021958400,4082.7367553710938
17021958800,3968.5364265441895
17161021900,2501.0060806274414
17157950700,3445.7450472563505
17157951100,5308.575835131109
17157951300,4009.929352760315
17055040700,5805.672176659107
17055041200,5210.095888788812
17055040500,4790.936961650848
17055040100,4437.410444173962
17055041100,5356.804922580719
17055040600,4229.442693531513
17055041000,2877.256450653076
17097860807,6433.176821023226
17197880314,16316.261307120323
17161023200,4299.0006103515625
17161023500,4369.7509765625
17161023600,2886.948684692383
17161023700,1466.6634578704834
17043844402,8977.579132080078
17017960500,3444.3222637176514
17043843400,6156.746490478516
17043845803,9567.940039351583
17043840102,4861.7025146484375
17043840103,10893.715433120728
17043840202,9142.55477142334
17119403001,7405.257138848305
17119403002,11019.433837890625
17119403122,9969.12789440155
17119403200,6955.210998535156
17119402600,3441.707763671875
17119403300,4456.6400146484375
17179020600,2343.45556640625
17179021000,8229.005615234375
17179020900,2364.158657371998
17119401901,2378.7617766559124
17119402100,4882.082702636719
17119402200,5043.443756103516
17119402300,2336.84104013443
17119402500,3951.86767578125
17151971300,2812.2572475979105
17151971200,3462.9581559039652
17019010400,7937.301675140858
17019005300,6210.40588760376
17019010500,7091.987014663406
17019010601,9094.716654479504
17019010800,7688.360780578107
17161021300,4418.9278564453125
17031825600,9151.687316894531
17161021600,3941.7559814453125
17161021700,4843.416259765625
17161021800,7022.6180419921875
17161021000,7984.135681152344
17161021100,5432.599296569824
17161021200,4820.805114746094
17097861014,6956.166561126709
17097861106,17153.301951646805
17097861201,13400.662841796875
17097861202,3366.659492492676
17197882601,11043.07373046875
17197883211,12487.978679001331
17197883402,4306.406401078682
17197884006,4861.94957536459
17197980000,57.71212912350892
17197883306,7743.206053715199
17197883510,9078.99719849974
17197883507,7940.747702091932
17197884005,2585.5745987296104
17197884004,4823.645194739103
17197883606,9603.915499210358
17021958200,5672.965930479899
17021958500,2971.68062210083
17021958600,3365.119393314235
17021959000,7094.555963036837
17021958700,6601.647825439926
17021958100,4298.264293042943
17161022000,4837.609802246094
17161022100,3220.3839111328125
17097864305,5239.8936767578125
17097864518,5610.557678222656
17097860103,3398.394058227539
17097860200,6175.696228027344
17043842702,4341.01513671875
17043842703,7188.7369384765625
17043840801,2343.6905517578125
17043840802,3946.3746337890625
17043840901,4604.4505496025085
17043846404,3783.6671142578125
17043841002,3845.486343383789
17043841102,10264.704917907715
17043841103,4943.406921386719
17043841104,9057.514041900635
17043841206,6920.353088378906
17043841307,14178.352798461914
17043846603,8259.29541015625
17043841501,10867.737410508096
17043841801,7709.079040527344
17197883811,7033.14284324646
17197883808,2876.0641264915466
17197883303,7614.6761083602905
17197880503,7550.19970703125
17043842200,5766.6641845703125
17043841802,7884.223815917969
17043842300,5121.6644287109375
17043842400,6847.4671630859375
17043842500,4879.0631103515625
17043842601,4829.179817199707
17197881603,5804.80712890625
17043842602,7271.907012939453
17043842603,6243.8616943359375
17043842604,7408.2340087890625
17043842605,6863.7957763671875
17043846524,9612.158106803894
17157950500,3198.3306146133837
17157950800,6529.0295342803
17157950900,5226.537788730115
17157951000,3901.444965519011
17157950600,6205.95513048768
17203030200,4808.64726590924
17203030400,9078.013494253159
17203030602,5355.526523917913
17203030502,4270.476169668138
17203030601,10363.205645233393
17203030100,4194.018507039174
17203030300,4903.559703633189
17203030501,11841.072191238403
17203030700,7330.720847696066
17039971700,5239.749294281006
17039971400,3951.151227965951
17107953500,7746.125051277457
17197881107,6486.107391357422
17039971500,4902.1038422184065
17039971800,4360.523920655251
17039971600,5517.133716054261
17089850800,14393.341857910156
17089851000,12191.265319824219
17089851400,17001.319213867188
17107953000,3505.0528686959296
17107953100,5618.634480671957
17107952900,5549.274828362162
17107953600,4739.186149323825
17037000700,6638.800582885742
17037000900,11475.1123046875
17037001600,8540.858173692599
17037000500,8041.409350395203
17037001400,18530.83747345209
17037000300,4754.814177662134
17037000600,10442.529815673828
17037001900,3488.927932620048
17037000100,11661.541827172041
17037001500,4877.591956146061
17037001700,6179.601083032787
17089851904,16015.935897827148
17175951400,4659.307544323616
17175951500,3813.2906920118257
17195000200,4949.352540165186
17195000900,5363.532619558275
17037000200,9294.637154405005
17089852001,8322.43649816513
17089852002,11322.977656126022
17089852700,9676.721557617188
17171970600,2751.574121550657
17171970700,4728.9623742820695
17069970900,2825.08807887882
17195001400,3087.2288513183594
17195000700,4335.353185042739
17195001700,5631.1954600811005
17195001200,8122.647125244141
17195000300,4247.009284198284
17195000500,5242.801850318909
17195000100,5670.43678458035
17195001300,2613.7019653320312
17195000600,6072.195353481919
17195000800,3144.267808254808
17089850400,9369.683013916016
17089850302,8606.339721679688
