BoroCT2020,pop
1000100,1.035234656394
1000201,31569.89248324124
1000600,31599.0
1001300,14976.232709529171
1001401,30794.070917442205
1001402,37856.58814176276
1001800,36153.74767638301
1002100,19261.900745940988
1002201,40471.41031455309
1002202,40507.00000121521
1002400,10393.918055391616
1002500,34419.66736145094
1002601,40506.99999983797
1002602,40421.06686929949
1002800,31104.2290086825
1003001,38346.68033168547
1003002,38750.39915662444
1003100,21077.552091458198
1003200,42375.045107604616
1003300,15686.58399916287
1003400,42986.74752617194
1003601,37652.886299336846
1003602,40807.43882470675
1003700,16251.638385595897
1003900,13753.481186724473
1004001,43410.658975199374
1004002,43314.47355029338
1004100,27141.065964107987
1004300,27708.417916731014
1004500,26721.56037410665
1004700,16461.987224989687
1004900,26811.308030897413
1005000,29754.619422347158
1005200,29715.003767576152
1005400,34969.9325605354
1005501,31532.000000630636
1005502,34287.59524917345
1005600,21266.80537716855
1005800,17536.289400563077
1005900,33222.05623142833
1006100,35035.251197820755
1006300,36247.0819844761
1006500,30151.384135393877
1006600,46630.62749435827
1006700,21871.59874981013
1006800,39553.1149204684
1006900,10676.210541870445
1007001,33618.07780083628
1007002,43530.87235220985
1007100,35893.4515296024
1007200,43717.00000043717
1007300,29968.116308268825
1007400,33776.88246518792
1007500,21590.473480358938
1007600,15390.248231665217
1007700,32568.623451692678
1007800,32004.68880625088
1007900,23564.0074073081
1008000,28624.432978955625
1008100,36748.812269623566
1008200,15090.597241873045
1008300,22424.439300200316
1008400,5512.554430456297
1008601,29643.09415060357
1008603,26178.0
1008700,37189.46740277543
1008800,25291.27551416695
1008900,24234.324332829576
1009000,20902.212164420886
1009100,34941.95558836686
1009200,17542.11228312355
1009300,29706.56074464366
1009400,7557.7568648573315
1009500,28119.908132626686
1009600,6321.339475183753
1009700,22347.06306564834
1009800,23366.425328224526
1009901,13683.970503862904
1009902,762.8042708205046
1009903,4240.393640497967
1010000,14996.663281536023
1010100,12183.892345013852
1010200,11745.16046572892
1010300,11684.999999941576
1010400,13527.281403879504
1010601,30254.19179141279
1010602,28931.36445648364
1010801,30321.586438350358
1010802,40679.206097812465
1010803,40908.21502430257
1010900,5001.710761473796
1011000,40955.00000040956
1011100,11148.544744722822
1011201,11080.139155079934
1011202,10220.0000001022
1011203,16139.390888137368
1011300,4903.979157720383
1011401,9891.117703254613
1011402,31661.9762085779
1011500,11723.83186436812
1011800,35452.87259799696
1011900,13932.703272563564
1012000,34069.70818001014
1012101,34794.47486354804
1012102,27413.95472959331
1012200,16239.113689462845
1012500,23806.249745249876
1012601,63551.87729645697
1012602,45710.8606482168
1012700,36798.397418494795
1012800,33293.15079563626
1013000,28348.494997829453
1013100,16715.473673268443
1013201,52784.85195799271
1013202,31083.286205317752
1013203,60960.198260655794
1013300,36795.85216922016
1013400,64584.795816443206
1013601,29459.000000294593
1013602,29458.999999410822
1013603,40765.06290728655
1013604,34805.95138727285
1013800,59655.307460932156
1014000,51087.164567277774
1014200,13695.666408225043
1014300,9881.461141495252
1014601,56542.37713201668
1014602,56539.28917875547
1014700,33099.00000033099
1014801,56546.000001696375
1014802,55715.031450460876
1014900,22359.384693553475
1015001,37248.59303402015
1015002,41950.74759151739
1015101,30583.497585597845
1015200,50449.195645337335
1015301,33210.25450323001
1015302,49022.89856280755
1015401,56536.27020386534
1015402,56529.29540758729
1015403,52404.987116687145
1015501,35186.298567136255
1015601,44064.26313369206
1015602,41267.99999995873
1015700,50762.12621608922
1015801,29742.629897894985
1015802,36216.37544771599
1016001,21740.0
1016002,21739.999999847823
1016100,39237.090339585506
1016200,23393.151778702097
1016400,37658.10516295832
1016500,23073.840016527334
1016600,40963.8157178502
1016800,27623.896436851956
1016900,47535.08926086264
1017000,30061.08486258904
1017100,35269.43294986702
1017200,38747.45977044208
1017300,47505.44047971834
1017401,39064.000000390646
1017402,39063.999999609354
1017500,31051.58384278435
1017700,38198.55986147092
1017900,31297.12871435889
1018000,32432.048806535862
1018100,39868.88427496581
1018200,31845.414285901734
1018300,44849.460129147585
1018400,31738.679255878887
1018600,30896.351553507935
1018700,48260.305614771576
1018800,31875.84749974192
1019000,25364.999999974636
1019200,8151.763655531674
1019300,40422.905304564
1019400,18048.875501982006
1019500,25479.31691806212
1019600,23042.999999953914
1019701,38933.63176231797
1019702,36112.61458222376
1019800,23927.69848969532
1019900,33309.6329525945
1020000,25095.299275646183
1020102,36106.99999981947
1020500,16367.562577339802
1020600,27907.600721921284
1020701,32726.15545335618
1020800,28706.03065232106
1020901,33441.0
1021100,19063.37625535893
1021303,34048.57643722169
1021400,34955.08626965055
1021500,23714.567326162058
1021600,30931.28544007373
1021703,25934.588403446036
1021800,33146.78002093925
1022000,29594.103667755815
1022102,24317.064347251337
1022200,24675.37064864949
1022301,37119.04193765467
1022400,23010.000000230102
1022500,25932.04354358568
1022600,24103.863284306655
1022800,27570.06653418868
1023000,34273.297376600836
1023100,34347.53274528222
1023200,37195.85260329765
1023400,35293.66191859658
1023502,29751.000000595017
1023600,29643.288375269927
1023700,34952.263461296076
1023802,16138.957193038808
1023803,10418.729692992907
1024100,28083.68473310289
1024200,13566.531358755466
1024301,34776.0
1024500,32332.845812323918
1024700,26040.56713124607
1024900,34929.796599873705
1025100,38362.614097666665
1025300,51846.66803415718
1025500,16833.26170004688
1025700,34266.25482576015
1026100,30635.934675921333
1026300,52488.762097313775
1026500,37738.99553711365
1026700,39064.04941998859
1026900,37880.19514154294
1027100,39884.81232533333
1027300,26383.300181672214
1027500,18294.86617104918
1028100,32048.803384616527
1029100,30887.20653810513
1029300,25562.37001180093
1029500,15994.414152010055
1030300,15278.15489996148
1030900,18524.881475242142
2000100,3376.2852836091606
2000200,6720.57374615014
2001600,13663.969803691778
2001901,5266.384431468211
2001902,10603.203390972147
2001904,0.47857424159744005
2002001,11293.52051273907
2002002,18011.898714952553
2002300,18315.55016698221
2002400,6551.2379927183265
2002500,12659.478424415405
2002701,13089.9410189324
2002702,13947.944196202445
2003700,21156.00000021156
2003800,21587.999999848882
2003900,27983.267935442083
2004001,17913.02270966001
2004100,27814.94179410562
2004200,19047.13816425788
2004300,24459.86212782386
2004400,21967.365396027657
2004600,11268.217371219585
2004800,23646.49918407184
2005001,20814.308714403127
2005002,27380.070896912217
2005300,11968.999999988031
2005400,27314.56092026011
2005600,21420.21253079033
2005902,29195.08023441137
2006100,26187.57801950803
2006200,17894.64431289289
2006302,21603.797910653855
2006400,19710.819386546034
2006500,26387.507250978175
2006700,23892.185453149246
2006800,24161.831260746247
2006900,21967.015992633755
2007000,20823.445073771105
2007100,21480.478153950506
2007200,20511.549758584544
2007300,20615.502952278293
2007400,11618.593062139573
2007500,24401.959822079898
2007600,24423.22479342779
2007700,25719.99999989712
2007800,14746.905966452314
2007900,22628.25159384559
2008300,16951.57686012089
2008400,6790.56950789441
2008500,16552.3693369152
2008600,13218.250698373851
2008700,25009.440116449638
2009200,16964.853383805515
2009600,9425.942135818577
2009800,11720.72408196084
2011000,1377.381060025511
2011701,3784.3570344736772
2011702,448.5390964056192
2011800,3038.4960753150003
2011900,20095.2459247332
2012101,22692.0
2012102,22691.99999984116
2012500,22967.02569777377
2012901,25043.307591160512
2013000,5596.746570877727
2013100,23453.06020308381
2013200,5190.985682536648
2013300,25728.382271063085
2013500,25421.383343847072
2013800,5282.985374599503
2014100,22886.282044666386
2014400,9967.042241647841
2014900,20612.231926244058
2015100,20524.883619293876
2015200,7616.577249634008
2015300,16126.46789511842
2015500,17930.272576236912
2015700,19496.70056642474
2015800,8130.229147111867
2016000,6194.611705217585
2016100,15066.029053640019
2016200,8417.0
2016300,11205.251816196973
2016400,7504.498397172749
2016500,17529.863038591597
2016600,4754.016054141681
2017100,27652.069242098263
2017300,26620.786332647567
2017500,28047.38620003806
2017701,40332.08341500283
2017702,38721.93520545943
2017901,50171.00000100341
2017902,50171.0
2018101,30506.22975545398
2018102,36476.1252107747
2018301,33642.0
2018302,32122.117374752954
2018400,7785.596334058575
2018502,26055.62532751644
2018900,11473.689856765735
2019400,3219.347854139239
2019500,34098.044079736435
2019700,38704.593138643184
2019900,29859.20411247963
2020200,16540.999999917298
2020400,16438.08987827373
2020601,20381.2820598271
2020900,39792.05804376154
2021001,25127.074550539593
2021002,28234.512485690022
2021100,35118.89322662018
2021301,30209.755407792713
2021302,29868.387438590682
2021501,27355.7930147525
2021502,35533.59701270824
2021601,35335.0
2021602,35330.23682622179
2021700,36474.09802184782
2021800,21602.01837785609
2021900,37355.16525221311
2022000,8039.101586025354
2022101,43026.84140067285
2022102,49870.911681875674
2022300,48211.762599505804
2022401,9792.314464255138
2022403,26394.90987203775
2022404,26442.000000264423
2022500,44858.75505327612
2022701,38042.17821725167
2022702,39714.000000397136
2022703,39047.33078535726
2022800,26441.999999814903
2022901,30245.997159474064
2022902,29445.0
2023000,17383.814995230696
2023100,25878.006260488117
2023200,15128.558360672592
2023301,36044.29357957534
2023302,29444.99999958777
2023600,12734.337856738057
2023704,40561.478838042414
2023900,41880.357549676395
2024100,43404.00000043404
2024300,31146.945149378924
2024400,11908.244478693836
2024501,28574.357570459284
2024502,28676.0
2024600,23801.654325967735
2024700,16537.299840994125
2024800,15731.642070727266
2024900,20234.73288401419
2025000,11816.520529714777
2025100,41644.111360645984
2025200,11633.392183291486
2025300,42120.95878193421
2025400,10721.253500162964
2025500,29325.222398164366
2025700,7536.5661879302215
2026100,32668.94166052278
2026300,38993.557677453515
2026400,10120.44076628573
2026500,32934.46415370403
2026601,9985.086466783481
2026602,13898.369084693722
2026701,26424.326556249904
2026702,25433.285260746692
2027300,24818.995322542516
2027401,6042.584615506178
2027402,5352.825808206393
2027700,18619.665180116554
2027900,10212.702165615981
2028100,6185.981168868832
2028500,13553.14812667588
2028600,6601.900144441746
2028700,20664.158215916694
2028800,8282.453835475997
2028900,24582.82124869939
2029500,15079.009833187067
2029600,5018.047249805944
2030000,7941.48866091924
2030100,8059.819938971212
2030201,10550.06025253766
2030202,9805.007950027722
2030701,6331.24132206942
2030900,4216.8079191758725
2031000,5524.1183988240045
2031200,7480.137611731708
2031400,8480.999999923672
2031600,8481.00000008481
2031800,9405.711245740587
2031900,6404.649477576557
2032300,5990.919288168108
2032400,15744.999563676649
2032600,9990.174132812954
2032800,20371.051094661325
2033000,20403.517641823353
2033201,13406.98956612551
2033202,14235.948269719298
2033601,13523.464632983982
2033602,13453.490408484538
2033801,21282.49815437249
2033802,21490.0
2034000,21351.388083796453
2034200,18286.857738123726
2034300,10698.505242536408
2034400,12462.943942253383
2034500,6294.843228690676
2034800,12300.183976993863
2035100,4517.305458162812
2035600,7575.007724266161
2035900,14551.431205803026
2036000,9757.762566237006
2036300,21957.778834449306
2036400,12682.244094303358
2036501,24419.743008419544
2036502,24351.84799392161
2036700,19803.840124120125
2036800,15459.18248066396
2036901,21764.25306896353
2036902,18673.654023248422
2037000,16102.836136923735
2037100,25253.81097579373
2037200,20249.01648620115
2037300,26202.802366893917
2037400,19053.838100428406
2037504,23686.894006239556
2037900,27104.58128256474
2038000,17724.189962097655
2038100,34343.66001536983
2038200,15984.760559788265
2038301,32976.509605849074
2038303,32708.76398878653
2038304,28636.721202341654
2038600,15471.014880582497
2038700,22713.879476704158
2038800,16000.0
2039000,17267.882430969403
2039100,28110.772214064644
2039200,17830.19665424491
2039400,17845.999999982152
2039600,16714.94267866658
2039800,16072.435327494002
2040302,36845.36886779806
2040303,30367.607577828177
2040304,26284.565361108682
2040400,16913.81062791388
2040501,34153.18165802514
2040502,25702.640437066653
2040600,16121.47725770116
2040701,39311.82806035219
2040702,38493.54183280584
2040800,17254.00213750039
2040900,16078.249230965139
2041100,20186.052937092343
2041300,28494.43122875778
2041400,7994.219018232969
2041500,25205.938024153787
2041800,15028.306777609769
2041900,26372.99580432612
2042000,12076.46285795512
2042100,20693.739910599972
2042200,17306.716445798476
2042300,25048.230217750966
2042400,17535.522681282713
2042800,13351.046658682177
2042902,17398.05793322654
2043000,15466.272262828783
2043101,11845.122201582384
2043400,15355.058930286546
2043502,4106.46417023923
2043503,2977.4734403737384
2043600,14271.83115914459
2044200,11054.054149512127
2044400,11339.964215632679
2044800,9985.51257240869
2044901,4013.327222924498
2044902,4524.365993480718
2045101,6775.184209089476
2045102,7057.317934497746
2045600,2499.9187597529126
2045800,16398.707011437706
2046000,12204.942912702967
2046203,9442.783582215592
2046204,8925.886123618104
2046205,8985.7685026786
2046206,18766.368680932283
2046207,21863.610117187327
2046208,10418.382580987885
2046209,9785.989938185841
2048401,5847.283723304118
2048402,7480.0
2050400,569.3577192065642
2051601,3331.333621049833
2051602,15.557036754690003
3000200,6237.483400534087
3000301,21452.602983787317
3000501,21405.830229731106
3000700,20906.427666892832
3000900,14907.978916148953
3001100,9379.039059150296
3001501,14511.78293696257
3001502,13197.719921411513
3001802,3844.580537542901
3001803,3516.789601076182
3002000,24313.3095956869
3002100,5913.9478665986335
3002300,9511.617014395053
3003102,14889.880801138252
3003300,11555.713775931643
3003500,13866.827838892006
3003600,16337.842898676532
3003700,15563.039083663622
3003800,7371.648640037947
3003900,10286.182818245039
3004100,17424.601074631686
3004300,22090.437218272677
3004400,6636.92520143574
3004500,18542.115629296895
3004600,5856.145729717729
3004700,10187.044310600195
3004900,18471.0
3005000,10419.01807373805
3005100,6459.62685246519
3005201,12952.999999896376
3005202,12953.0
3005301,2442.8012660922595
3005303,3541.781412041147
3005400,13494.466703442667
3005601,4724.172219125762
3005602,3749.257049809419
3005800,17491.828017077463
3006000,18097.086918514582
3006200,15717.491041451967
3006300,14627.976591225257
3006400,14430.547252581919
3006600,15937.465495641502
3006700,17997.47140737354
3006800,18416.84490457378
3006901,21609.137674242527
3006902,20841.52365487147
3007100,16411.353945069804
3007200,18775.165690573474
3007400,22148.885286607067
3007500,11057.725422383812
3007600,29375.999999676864
3007800,29407.921812363635
3008000,26382.14487946803
3008200,15395.186389895805
3008500,9902.342433592685
3008600,31909.39176026093
3008800,15345.569002887494
3009001,27409.49032283212
3009201,28443.03321580752
3009202,27527.99999961461
3009401,32152.506114877844
3009402,28294.34863558259
3009600,32690.0
3009800,32106.124667419634
3010000,29001.01753519203
3010100,8221.069065744221
3010200,24171.88703683567
3010401,28022.15839608458
3010402,31382.0
3010601,31383.529358732863
3010602,31381.99999962342
3010801,32349.34173475916
3010802,30973.06261613475
3011200,26189.238887212217
3011400,24298.984361120903
3011600,30763.36335231331
3011700,7021.726604636264
3012100,13223.247343561385
3012700,17196.777388351722
3012801,13890.12039412011
3012901,18314.48633720623
3013000,19356.906386506143
3013100,20286.515033018677
3013200,14019.33445490441
3013300,20792.49491224017
3013400,17874.347448965837
3013500,20305.146941414783
3013600,18694.56337121426
3013700,17302.558976891873
3013800,16471.851163330735
3013900,14951.227999300238
3014000,13561.65419475801
3014101,15703.00041742542
3014102,16513.10511387949
3014200,14310.824270532365
3014300,13372.678995176562
3014500,10989.827432140386
3014700,16387.248823353628
3014800,9464.675055306454
3014901,18801.74296885173
3014902,17487.02108505064
3015000,10237.732386303933
3015100,20354.66747860818
3015200,5308.170950876032
3015300,22153.350583684674
3015400,4153.2617936000415
3015500,21666.811883704482
3015700,17857.07426928889
3015900,16911.750817846812
3016000,16374.309749758444
3016200,6676.713720995783
3016400,3454.5939287460005
3016500,13961.768066029677
3016600,10955.026834218123
3016700,19956.614915213002
3016800,8805.213906174324
3016900,18388.709798168682
3017000,8686.826845464153
3017100,8525.224549839979
3017200,11393.904733816902
3017400,10151.874575087
3017600,14679.380764918158
3017800,16138.55836857797
3017900,17194.40630374504
3018000,15391.153311967757
3018100,17043.0
3018200,16452.46982257954
3018300,15586.708526130034
3018400,15084.949366273486
3018501,14333.777289131984
3018600,15948.990419062902
3018700,14328.999999799395
3018800,17806.85389134408
3019000,18222.25796811766
3019100,11132.823963003084
3019300,15417.22195632962
3019400,18980.601069450684
3019500,15375.07874145017
3019600,17832.263878820384
3019700,19357.244419782855
3019800,17382.715225122218
3019900,18405.64324149654
3020000,15168.058389546059
3020100,18625.07948663301
3020200,11528.825245581893
3020300,15163.986006684454
3020400,11026.606077338196
3020500,15558.363713093715
3020600,12581.344922258733
3020700,15400.163868372778
3020800,16308.18131750409
3021000,18312.85013028447
3021100,13520.933304544747
3021200,19814.626068029218
3021500,14327.596467370573
3021600,22713.535142348912
3021700,20908.196504660777
3021800,22903.163732978286
3021900,24321.99999997568
3022000,23801.91710109688
3022100,19352.039888857387
3022200,26181.79557197925
3022400,23471.071524257368
3022600,14302.720687749248
3022700,18003.76929410136
3022800,19461.346477481875
3022900,22219.0
3023000,22958.03442562518
3023100,20553.077551514052
3023200,26980.385882994175
3023300,22093.828340648437
3023400,27216.869137983274
3023500,21168.162095632884
3023600,24424.28764172715
3023800,21431.611549601002
3024000,20182.54188957208
3024100,21873.598418772155
3024200,19704.683836997345
3024300,22203.712019675608
3024400,17798.44330244922
3024500,21075.744245337555
3024600,13573.515604229753
3024700,21384.53606071702
3024900,22360.948274495182
3025100,21994.84354638086
3025200,18917.503413555118
3025300,23095.307257073422
3025500,22846.880287985954
3025700,23960.72124962921
3025800,22714.678387410473
3025901,23992.999999424166
3025902,23993.000000239932
3026000,19856.72472042845
3026100,23628.90600372388
3026200,18542.687341100722
3026300,22131.424346081767
3026400,22823.57155958685
3026500,22245.718005288247
3026600,22834.186383198758
3026700,22339.450417758315
3026800,22718.227875842367
3026900,20526.081380760865
3027000,19517.059341694705
3027100,16349.776963441593
3027200,22432.677272206303
3027300,17704.109277353484
3027400,23376.161812278857
3027500,22365.22891548505
3027600,22595.33650640694
3027700,23262.0
3027800,19855.372927729793
3027900,23272.838201808463
3028000,16289.495603444871
3028100,23677.089398393473
3028200,15685.420196659446
3028300,23710.13013755013
3028400,22673.622614836073
3028501,22667.769108830616
3028502,23732.822661918224
3028600,17201.057288081705
3028700,22661.062918742802
3028800,23216.99999983748
3028900,21281.765359211677
3029000,22470.288724525482
3029100,20985.95823403203
3029300,20533.26844805927
3029500,20150.03222612795
3029600,18573.331260351297
3029700,12850.84581866412
3029800,18516.78238716295
3029900,16242.477678826577
3030000,15908.571901928228
3030100,20828.990253809738
3030200,15189.074976500557
3030300,19540.70223669576
3030500,17034.054996876283
3030600,12713.298079298787
3030700,17242.29564210372
3030900,14243.711137343615
3031100,17745.0
3031300,21500.76645439859
3031402,4448.1626580835255
3031500,21552.83730973081
3031701,21539.887960153654
3031702,21829.36476399539
3031900,20537.379281344663
3032100,24911.017334434266
3032300,25946.92505192823
3032500,24625.769447195762
3032600,9031.608573425437
3032800,10401.54755113586
3032900,22291.942960312983
3033000,10418.494060590552
3033100,22490.61797061218
3033300,22205.546878751382
3033500,22645.21207695612
3033600,8005.368635219999
3033701,22725.542518098602
3033702,22716.858766311914
3033900,22781.33700633885
3034000,13953.990857320116
3034100,21417.69321458236
3034200,13100.108117717684
3034300,23407.726054383256
3034500,23960.856225735064
3034700,24656.640766954948
3034901,25302.00000025302
3034902,24197.789006481416
3035000,8397.592798116704
3035101,25302.00000025302
3035102,24351.716013546196
3035200,7066.170629596468
3035301,24666.087778716865
3035302,24272.954691226067
3035400,20055.527390774783
3035500,22347.678270537555
3035601,22417.22905531846
3035602,22210.121796055897
3035701,24324.67000961423
3035702,23516.366228968982
3035900,21878.999999978118
3036001,25054.934733539372
3036002,25263.91826212578
3036100,20641.603744365668
3036200,25208.53130225969
3036300,17522.530055456078
3036400,25340.1541771472
3036501,17810.354345937827
3036502,13225.834791833391
3036600,18841.297036184525
3036700,11177.76241697933
3036900,15860.862884790735
3037000,12088.939747227556
3037100,21581.99999995683
3037300,21832.802233420563
3037401,11781.572102608876
3037402,11458.999999908328
3037500,18450.282098412405
3037700,18870.55050256898
3037900,19896.312571516504
3038100,16792.607752084157
3038200,12930.191816092236
3038300,19016.48992488181
3038500,19214.29587790331
3038700,19655.459241270324
3038800,13256.715978400718
3038900,21195.285019580362
3039000,13924.913170484777
3039100,18389.919440434136
3039200,13964.999999958105
3039300,20251.426917684545
3039400,14249.800516134945
3039500,21982.91611877738
3039600,13385.074289511598
3039700,19737.690179978697
3039900,21450.72869397376
3040100,21907.841859623408
3040200,18568.502100392034
3040300,14808.380104530326
3040400,19281.725903311308
3040500,11409.257518148712
3040600,21384.866867376193
3040700,8419.554657009823
3040900,15751.569343594112
3041000,16379.470819589458
3041100,12547.568165352313
3041200,13184.716148685475
3041300,19914.9051540576
3041401,13137.808920929478
3041402,14245.526795710826
3041500,24013.35093670782
3041600,15347.00000015347
3041700,23736.30990037961
3041800,15346.999999907917
3041900,22665.95847772898
3042100,22547.194349424353
3042200,14638.979398342757
3042300,19568.432954534896
3042400,19004.16130599167
3042500,13231.097379445
3042700,17535.39779331117
3042800,21420.254393279152
3042900,28512.125282152978
3043000,22691.68743605624
3043100,26120.756095104633
3043300,24721.176915123157
3043400,21587.718904994228
3043500,24638.372549917247
3043600,22280.042577662967
3043700,20635.94095145334
3043800,18234.73691953371
3043900,22752.316253617817
3044000,18016.091010618657
3044100,30229.489080975545
3044200,16147.234451574246
3044300,30163.022853371724
3044400,15733.984355057542
3044500,29025.472586696207
3044600,19310.087336350152
3044700,23977.03818891051
3044800,8608.268537533973
3045000,8070.0
3045200,11264.480347700975
3045300,12371.013125740032
3045400,15678.369969950583
3045600,16798.21695639043
3045800,16962.363189412536
3046000,18325.342219784037
3046201,19466.227768753168
3046202,15085.007906361092
3046400,15579.682812555982
3046800,13062.234879684254
3047000,21164.709542667406
3047200,20243.73583732082
3047400,19262.087190816324
3047600,18620.29977625953
3047700,11900.699462387678
3047800,19220.68208268472
3048000,19366.924351542435
3048100,12897.99999987102
3048200,23012.268724145917
3048500,14201.751810919815
3048800,22555.419090259427
3048900,19384.000000193842
3049000,27749.55609305081
3049100,22231.40757898686
3049200,25813.421923195467
3049301,14524.89267667396
3049302,18098.423683098023
3049400,23610.37937721518
3049500,17570.536706627474
3049600,18030.57329173951
3049700,16675.00766319505
3049800,15535.57888464796
3049900,13312.999999973374
3050001,15541.292942831236
3050002,20149.281693548528
3050100,18487.428231697122
3050202,6441.1520284956605
3050300,20714.0
3050401,13297.562667855434
3050402,23341.000000233413
3050500,22165.082448836016
3050700,23708.88944346628
3050803,27027.706645818376
3050900,27299.074970036923
3051001,26251.035312341788
3051002,27952.307279810397
3051100,22502.989462946607
3051200,30983.000000309832
3051400,28063.812044681817
3051500,12153.414436886651
3051601,26937.999999811436
3051602,23229.06557180105
3051700,8778.35076294654
3051800,20438.34066062995
3051900,16904.28342613016
3052600,19678.52134617071
3052800,16664.159994144386
3052900,33608.74401270387
3053000,16828.99999986537
3053101,34253.99999945194
3053102,31136.130359012383
3053200,16027.465994106164
3053300,33880.95618984121
3053400,15695.913804010495
3053500,25206.307425193543
3053700,23713.318058291905
3053800,16195.683949014568
3054200,16591.835715353984
3054300,9117.158310847379
3054400,19677.998336745768
3054600,18266.59865146584
3054700,16559.780002397223
3054800,11709.803743666029
3054900,19772.884835132838
3055000,17921.14499462751
3055200,19849.78359208391
3055300,14598.720400968594
3055500,5702.257984204265
3055600,17908.67023777809
3055700,6256.030877952442
3055800,20094.0
3056000,16897.159375997187
3056200,13053.999999960837
3056301,10004.268074719066
3056400,11369.11977892575
3056600,9741.164234321814
3056800,9340.055438709214
3056900,10986.088495526461
3057000,10976.33771417728
3057100,11650.831314862282
3057200,16575.999999966847
3057300,10771.559258496523
3057400,14080.181127204183
3057500,13064.497530941635
3057600,14835.953309104709
3057800,17447.787870258195
3057901,7968.85046855241
3057902,4315.137212324822
3058000,18809.546055416627
3058200,16805.222855481818
3058400,16855.391851278586
3058600,18055.0
3058800,14105.971392933443
3058901,8542.438816790796
3059000,15029.814050101802
3059200,16053.432304311562
3059402,16891.862258535573
3059403,17180.0
3059404,14419.591358321346
3059600,13866.229234720655
3059800,10590.347622488769
3060000,12680.098889888674
3060600,13998.659616360526
3060800,13366.25721979345
3061002,18626.284021175066
3061003,21226.89894967264
3061004,20841.970827420388
3061200,8915.611958791393
3062600,9759.668900201812
3063200,4858.8208362772075
3063600,10452.584631161573
3063800,9871.258129230928
3064000,10721.195149669747
3064200,11247.000000112472
3064400,10880.162688234095
3064600,11952.554233358074
3064800,13113.624736970254
3065000,10759.147001509265
3065200,9545.533142802566
3065400,9503.686794252275
3065600,10211.921314605446
3065800,6450.9111394534075
3066000,8310.640773161436
3066200,6398.903060509125
3067000,8388.376265400382
3067200,9773.136753577317
3067400,9849.688507021614
3067600,11419.134050239274
3067800,13313.41429934039
3068000,11453.894892244556
3068200,10300.589255300029
3068600,6437.666643011524
3068800,10472.606742447504
3069000,11729.929378538789
3069200,12237.688219966627
3069601,7862.697740336112
3069602,8259.936285724545
3069800,6248.508151430096
3070000,6307.522853446895
3070201,3455.989541249686
3070202,118.34900372420138
3070203,1.6858726004092
3070601,3988.811158375419
3070602,535.7530566795226
3072000,13572.000000135722
3072200,12484.184856692069
3072400,8877.385641819796
3072600,11315.543980775134
3072800,12050.070751735382
3073000,10957.558584342227
3073200,12155.39254704384
3073400,15765.999999968468
3073600,13462.949581137676
3074000,15888.422335949554
3074200,17947.6714522138
3074800,9904.0
3075200,14283.4659537233
3075600,10400.308141208588
3075800,14992.199915346997
3076000,15931.999999968135
3076200,14171.590268417778
3076400,17884.045969637038
3076600,21137.274128580153
3076800,15798.532229396074
3077000,26585.92524978026
3077200,17957.663540470425
3077400,19338.377920257666
3077600,16417.61608407709
3078000,12664.147610162752
3078200,15891.10350073389
3078400,18151.914602261662
3078601,23298.53822284835
3078602,23689.535337613303
3078801,25124.48188937868
3078802,24478.0
3079001,22725.45244105544
3079002,24398.466131860692
3079201,20358.0
3079202,20357.999999938926
3079400,23261.429064522443
3079601,30635.68101318572
3079602,31851.01972533624
3079801,22569.904608437642
3080000,27061.05474234891
3080200,28627.300355813633
3080400,20093.473965589557
3080800,18044.956543430464
3081400,14699.0
3081600,18366.99680051901
3081800,19234.00000019234
3082000,25814.76305663544
3082200,31862.999999872547
3082600,23576.0794230273
3082800,24150.578032111633
3083000,23881.296316291253
3083200,11315.292224197246
3083400,9095.7583426883
3083600,9989.21489952267
3083800,9063.573973024915
3084000,9971.082782532607
3084600,9983.560662572487
3084800,11322.638481636504
3085000,10863.023669482332
3085200,8014.740064371606
3085400,16506.073233908613
3085800,12984.38583719751
3086000,15218.415617023547
3086200,16342.535313816024
3086400,17717.999999946845
3086600,19889.245784066796
3086800,18711.999999981286
3087000,18041.374753678025
3087200,14805.35936970209
3087401,23368.057110644942
3087600,23271.977664147027
3087800,21029.031247725616
3088001,21674.000000216744
3088002,21674.00000043348
3088200,22484.63964841364
3088400,25770.33265856241
3088600,21295.267301164447
3088800,17975.588629740236
3089000,19846.499385150004
3089200,26553.819029493046
3089400,19637.632853570445
3089600,18374.355800118137
3089800,18446.999999889318
3090000,22784.487643888508
3090200,15360.904857656558
3090600,15280.509497140943
3090800,15532.383608972503
3091000,19209.0932879326
3091200,20397.811480212986
3091600,17244.105420697917
3091800,21900.88371939285
3092000,16185.238793236562
3092200,7481.544834322779
3092400,16200.045132864823
3092800,17691.384571850336
3093000,13572.373245425115
3093200,6758.319957583328
3093400,11684.029166521497
3093600,11505.487276364493
3093800,14855.408652039503
3094401,11315.889902067986
3094402,11893.00000011893
3094600,7710.514571560535
3095000,14825.10131226551
3095400,15607.423454418136
3095600,15183.630817192601
3095800,11980.679875300759
3096000,7483.75512106828
3096200,7335.68002363764
3096400,10923.26624172937
3096600,13556.625128077338
3096800,10038.367244453524
3097000,9736.583070148085
3097400,13360.661968122668
3098200,9004.536215012275
3098400,11519.327743499249
3098600,14048.126702953316
3098800,14588.81029511943
3099000,12677.208042236314
3099200,13431.200056330254
3099400,14214.000000142141
3099600,13370.164369998474
3099800,9748.143770082674
3100400,11003.203561397762
3100600,10408.279094030198
3100800,11863.367103283521
3101000,12596.4480805823
3101200,12942.060382435006
3101400,11841.005683299321
3101600,10737.758393125678
3101800,7760.848595411521
3102000,12791.471295495594
3102200,13185.91567725369
3102400,10288.36077922229
3102600,8244.447663483868
3102801,4491.082469405313
3102802,5547.51726701604
3103401,9063.948520076705
3103402,2011.8769877383843
3105801,9766.222892865113
3105804,8883.197651925004
3107001,1477.2769430744263
3107002,109.82021121677457
3107003,8678.523658785003
3107800,6921.959592990016
3109800,7432.762138954258
3110400,11502.79622783476
3110600,11267.382478265848
3111000,14011.0
3111600,8863.035504942545
3111800,18931.443966073643
3112000,16653.296741380564
3112200,15909.58451338696
3112400,17015.414782567004
3112600,15967.524640237547
3112800,16208.166749499813
3113000,15261.00000030522
3113200,14952.028173067949
3113400,14737.43127939307
3114201,6942.44897420538
3114202,10646.840371469776
3114400,13992.709137719152
3114600,13700.215223441897
3115000,17486.43262082825
3115200,17133.673706758622
3115600,14578.729092314621
3115800,16545.988849478086
3116000,17378.0
3116200,17663.993041431935
3116400,18158.0
3116600,16755.216789981405
3116800,15323.420934988535
3117000,17252.429510906222
3117201,17323.27890326493
3117202,11805.586741171126
3117400,11519.071011634636
3117601,11478.887713726615
3117602,20391.740522952314
3117800,16715.251497128684
3118000,6085.577222645369
3118201,20758.0
3118202,20404.885887284865
3118400,19578.10310328482
3118600,17715.01631407029
3118800,18311.459896433702
3119000,16678.37009128907
3119200,15454.775326606541
3119400,18553.071784077718
3119600,17552.274825533816
3119800,11281.199086848064
3120000,18186.676264269223
3120200,18547.183536774053
3120801,19209.301305421897
3120802,18619.99999994414
3121000,19576.0
3121400,16896.40012438031
3123700,20282.61087487383
3150200,8657.839142844769
5000900,7771.570627548769
5001100,8913.760352704508
5001700,8574.876896892194
5002100,4847.128078711892
5002700,6815.5977116468175
5002900,8945.299542129966
5003300,4625.081716523184
5003600,8116.275411135047
5003900,3366.2172522448977
5004001,7099.914488466488
5004002,11879.283514649118
5004003,10404.072566750478
5004004,6424.670572378773
5004700,4249.7401486567605
5005901,3000.9074587970167
5005902,2933.592380369146
5006700,3644.3853799255094
5007001,4882.265078766442
5007500,5961.007628811765
5007700,8124.427482529085
5008100,4673.269278193771
5009602,4952.141756763311
5009701,4184.028504007624
5009702,1740.9838421152845
5010500,6261.067538854475
5011201,3436.4810920005216
5011203,4184.422155527217
5011204,2823.844876825093
5011402,5316.8432135368275
5012100,4100.960628958779
5012500,5743.476564426569
5012804,4266.147257897188
5012806,4754.15713795223
5013201,4615.3674442743895
5013203,4987.030189813253
5013204,3848.403118542101
5013301,6299.03090434744
5013302,6044.773399313346
5013800,4021.964105500714
5014100,7071.14507335632
5014604,5821.509698665978
5014605,4554.540426057336
5014606,3729.5540822590174
5014607,5349.054099170939
5014608,5324.852278837012
5014700,2931.6438681155723
5015100,5115.471379495935
5015601,4597.211046531545
5015603,3670.109084362453
5017009,3524.351350744169
5017012,5065.441608836166
5017014,5373.79654676774
5017015,5039.575278375544
5017016,5415.663682188715
5017300,4761.676331342895
5017600,1723.7101703503283
5018701,4810.614000255758
5018703,7963.331739134927
5018704,6706.44054167275
5018901,4880.068149575316
5019700,5205.112205417532
5019800,1230.4823661850885
5020100,6105.804926793693
5020702,5766.755831086884
5020803,3330.529442031975
5020805,4960.06041801997
5020806,2337.818055891896
5022601,2695.614227703218
5022602,596.7683497979389
5022801,322.1581814509006
5024401,2749.272624856074
5024402,2385.6612596329483
5024700,5886.214179841922
5024800,2646.59829039062
5025100,4707.093063319742
5027301,2016.4837163880893
5027704,6483.506763149018
5027705,8518.494831352555
5027706,5703.134990188159
5029102,253.6714189453538
5029104,4425.915680569827
5029105,2167.716996847476
5029106,4881.839421303266
5030301,6450.3672340648645
5030302,7543.198868481659
5990100,0.0
5000600,4221.553989690501
5001800,2062.667777326389
5000300,3177.741487424547
5000700,6779.284034419752
5002002,4799.236442288383
5006400,6019.9915261886445
5007002,2757.632240409262
5007400,6658.654422582611
5012805,2093.5306414877987
5015400,925.4435338675403
5027900,1324.7693215271588
5022802,477.56936548514784
5027702,3651.221289390797
4000200,8563.699409654508
4000400,16992.872150765117
4000600,17893.00000017893
4000702,6301.631599313005
4000800,15903.342691534945
4001000,14587.92227055021
4001200,10391.033494859823
4001400,12584.0
4001600,14574.768697270947
4001800,13363.487943927134
4001901,3611.842897024563
4001903,7726.615363192514
4002000,12549.9580093834
4002200,13393.89038255788
4002400,13825.999999944697
4002500,9640.410539054035
4002600,13097.773072832179
4002800,13342.704723053197
4003000,12686.47750029741
4003100,7846.298418440112
4003200,11254.99999995498
4003302,7527.321095407954
4003400,16138.56861135044
4003600,15668.789463722893
4003800,11765.69051362243
4003900,9405.900589783856
4004001,11606.23728970386
4004002,10529.835997029102
4004200,14672.38619927608
4004300,9852.931332011884
4004500,16503.242366318787
4004700,19593.128696456657
4005000,11515.99999988484
4005100,8699.463504287038
4005200,11513.820924327138
4005300,19408.238044080128
4005500,8696.346788905634
4005700,12137.200164510385
4006201,7621.503785675998
4006300,25134.34223552166
4006501,20524.667444839994
4006502,19861.673880157457
4006900,21289.10204283366
4007100,20900.987902415156
4007300,21275.381487518363
4007500,22969.084045537544
4007700,18627.140097306572
4007900,17342.999999739855
4008100,14114.969326216393
4008300,17306.53719470144
4008500,8922.667909973126
4008800,5014.771768401329
4009100,6781.479093120788
4009400,10740.351200738403
4009500,14543.21952804124
4009600,11641.05514823033
4009700,10138.093852866199
4009800,17146.642831593796
4009900,5978.790333003961
4010000,12651.061234760922
4010100,13872.855200267275
4010200,13277.137009053948
4010300,13064.279995708932
4010400,14998.797503010248
4010500,9878.643979407749
4010800,17616.78033013632
4011000,15208.6796932792
4011100,11054.90561783889
4011200,12871.79213823644
4011300,12318.112345524603
4011400,13518.92360783487
4011500,17607.857240873065
4011600,13886.066556213738
4011700,16704.3022268
4011800,14940.794412485473
4011900,11613.999999965157
4012000,14748.60473352702
4012100,11400.522203043862
4012200,12607.023962731915
4012400,13164.908433033494
4012601,14065.207851053745
4012602,14043.161619333492
4012800,12370.920384533412
4013200,12644.52671462666
4013400,11677.76216969359
4013500,8454.933680793702
4013800,11849.829610647117
4014000,17156.829126647586
4014201,12424.49233555345
4014202,10631.488128829817
4014300,19394.380801913892
4014400,14543.459937872742
4014500,10450.087791750451
4014700,17213.35272970734
4014800,10080.040998883422
4014900,20961.0
4015000,9795.733067031964
4015100,18844.08710387881
4015200,9279.625420068167
4015300,16729.152548528808
4015400,11098.455679359713
4015500,21528.415735531817
4015600,15038.125295369966
4015700,9233.54160632839
4015801,12740.485577220685
4015802,15900.954914553326
4015900,9712.649653069755
4016100,11025.00000011025
4016300,10977.89276237007
4016400,14504.268467865386
4016800,11951.63319357028
4016900,24180.458922651873
4017000,11884.568790274301
4017101,7917.718242517029
4017102,9430.313934047728
4017200,10518.381153432007
4017400,9806.688968152495
4017600,9529.20429279966
4017800,9243.1671370029
4017901,16385.981988294272
4017902,876.8355426810979
4018000,7873.941372603749
4018101,24904.0
4018102,24904.00000024904
4018200,8898.710062530778
4018300,24934.5186608779
4018401,7162.799709651011
4018402,8961.802573106583
4018501,22834.999999360625
4018502,23104.393300447846
4018600,9080.02781513391
4018700,16878.18347674878
4018800,9023.897043647688
4018900,7061.737548713826
4019000,10440.450006553116
4019200,9610.208421110508
4019400,9339.024001284462
4019600,10169.101163745514
4019800,9689.089534930376
4019901,2375.978540895555
4019902,1362.8578105185964
4019903,3860.730828955583
4020200,9259.650621994531
4020400,9929.432850620826
4020500,4173.5893250386525
4020600,9417.236495835748
4020800,10752.641541558141
4021200,14361.841288711434
4021400,14839.56510505082
4021601,10320.233265108362
4021602,12109.16557869113
4021603,10618.157155552752
4021900,462.61964350082184
4022001,10680.645935482997
4022002,16481.52065679018
4023000,10780.63261083984
4023200,15655.648336100092
4023501,13400.576861393887
4023502,20622.31756845848
4023600,13670.127266424732
4023800,15275.0093495177
4024000,15019.888141026307
4024300,9291.48276437802
4024600,8324.522548038236
4025100,23744.064663266825
4025301,26159.773550352893
4025302,26335.99999992099
4025401,10914.0
4025402,10134.04953948046
4025500,14840.705306745751
4025700,15044.051811148702
4025800,10137.238752981613
4025900,17544.098112825042
4026000,10567.200085978999
4026200,10274.419662686154
4026400,9697.364889972601
4026600,8814.945773275187
4026700,30973.56955147177
4026901,44091.3298419032
4026902,45902.72812820488
4027000,9924.258928633271
4027101,46375.99999962899
4027102,46376.00000046376
4027200,8653.252103028062
4027301,33479.78998447783
4027302,33202.99999950195
4027400,9464.127517152821
4027500,34049.26796955071
4027600,9640.246148591632
4027701,38710.35158388012
4027702,35377.999999469335
4027800,9494.673834620891
4027900,37854.92902562818
4028000,9460.99999991485
4028100,37334.24292612441
4028200,5280.061995580307
4028300,33777.52814454691
4028400,8881.846887897345
4028500,30326.238760986365
4028700,30366.97623611526
4028801,7041.999999943664
4028802,7804.4031020803295
4028900,29079.054494707227
4029500,10995.316682106239
4030903,21071.53027344818
4030904,11173.172390451988
4032700,21042.313994772583
4032800,5606.439613845757
4032900,13285.293603946737
4033000,7368.864168092839
4033401,9100.682421852429
4033403,10795.962876845522
4033404,11332.689944429085
4033405,8814.58951778508
4033700,23139.241351471544
4033900,22158.366451574777
4035100,21161.76229100282
4035200,5211.771665247442
4035300,18456.15846275107
4035800,5620.728999956017
4036100,16509.23642012649
4036300,17088.45092440427
4036500,14293.192255063093
4036600,6955.540422331048
4036700,13790.40188084165
4036800,6450.1279273337095
4037300,8311.318533979957
4037501,29697.546463686245
4037502,33240.227047354674
4037600,6663.879902895769
4037700,32952.97064087339
4037900,32437.00000032437
4038100,24075.724402348278
4038301,105.555745958521
4038302,3027.5594565210854
4038400,6851.537734616644
4039400,7680.238921045273
4039800,6720.953958753252
4039901,22092.377955546686
4039902,22370.0
4040000,6931.240616651376
4040101,22689.941412397904
4040102,22891.32076908681
4040200,5958.990157607614
4040301,25434.489102861993
4040302,31798.82816940858
4040400,6245.415106065501
4040501,26980.533309099657
4040502,32437.00000032437
4040701,26520.807713054674
4040702,32483.749036059635
4040901,26716.861420573852
4040902,32917.702470443226
4041100,26439.000000264394
4041300,26171.733983778595
4041400,7091.916723870513
4041500,23217.869417518155
4042700,21978.022764991143
4043701,18900.000539966764
4043702,27647.602213400914
4043900,24540.38426709785
4044000,6745.519626464592
4044301,28262.214837460466
4044302,32202.991759203174
4044400,7319.809395308017
4044601,7846.301184922942
4044602,14314.934954438093
4044800,12255.094741715733
4045000,10101.22134842602
4045500,33408.26640938406
4045600,10209.166775269816
4045700,22489.424110078322
4045900,20864.96772221398
4046000,15104.782246033983
4046100,30357.440783496808
4046400,9407.26139369001
4046500,34264.0
4046700,36088.920117889546
4046800,14077.84826693913
4046901,46376.00000046376
4046902,38651.53978939565
4047000,12490.580127217265
4047200,5502.925625714219
4047300,19606.346711508486
4047600,3491.6191168889027
4047801,6859.922495382193
4047802,9337.209532762206
4048000,9475.796102030103
4048100,33547.81830636072
4048200,9612.780876915469
4048400,9605.623683832971
4048900,10055.701371614965
4049201,6172.474821184181
4049202,10124.000000101241
4049301,10617.473982842464
4049302,10045.974769388782
4049500,8909.445614993638
4049600,9381.767649520416
4049700,9494.793263958105
4049900,10488.696595525586
4050000,9966.61752834969
4050201,10076.457694201295
4050202,9375.109213299169
4050400,7701.490908431761
4050500,12792.45067298499
4050600,7991.548909741524
4050800,8111.194027128209
4051000,8317.566056203514
4051100,8528.61631361306
4051200,7881.350715071993
4051300,10859.327411883502
4051600,9152.90207658187
4051700,7304.974841149349
4051800,8251.914491571877
4052000,8355.094249362917
4052100,7881.076295380931
4052200,8513.944224533841
4052400,7651.930173537984
4052500,9210.26826806971
4052600,8020.113070276864
4052800,8463.273026016133
4053000,8817.127198880835
4053100,5893.276702376755
4053200,8204.821404497254
4053401,8038.354310244459
4053501,4238.311745821928
4053502,3677.025631912458
4053601,8674.12888817905
4053800,8175.722174527112
4053901,8921.32963465881
4053902,8787.999999920907
4054000,7530.242380627806
4054200,9145.418852979034
4054500,30511.99999972539
4054700,29171.093300296274
4054800,9532.167987462233
4054900,27991.91051104469
4055100,26857.973429546822
4055200,6104.437651253068
4055300,21925.766701553053
4055400,8770.981816576365
4055500,19248.099467874057
4055600,7778.8605484423615
4055700,13914.716137077527
4055800,7700.900234599007
4055900,16112.89477924929
4056100,2618.0188419493534
4056200,7185.324631897927
4056400,6530.899414130258
4056500,10500.999999915992
4056600,6998.999999965005
4056700,7716.04849612955
4056800,6229.0280811922985
4057700,10673.051399315713
4057900,12872.999999781157
4058000,5481.452649527907
4058200,7776.141971507813
4058500,21216.46570621056
4058700,20186.136240708875
4058900,26458.555523481416
4059000,7759.293950888432
4059100,18846.140548544707
4059200,5462.773411890346
4059300,12715.015485796199
4059400,5083.26185172434
4059501,12321.677457621847
4059600,6635.1958137602
4059800,7007.724037501125
4059900,8314.305294491785
4060000,5368.324361451396
4060600,5369.272832115812
4060701,5187.541557266947
4060800,6758.246676452541
4061000,4089.784390172239
4061200,3474.1785220273664
4061301,9947.921794634818
4061302,6094.483996322556
4061400,4973.856504538676
4061601,4550.956341172243
4061602,4360.707416938656
4061800,6283.919545150455
4061900,6974.913406109006
4062200,4999.910117262018
4062300,8586.313731292666
4062500,8997.108107045537
4062600,5694.976931929589
4062700,12653.34572248677
4062900,10069.44070405764
4063200,6601.807830856014
4063301,6339.0153221224155
4063800,5308.817148443607
4064101,10099.280621913602
4064500,6036.520522592431
4064600,5661.415298794182
4065000,5320.801311821436
4065401,6237.621411785825
4065402,5257.329548176823
4065600,6964.78100746213
4065702,5216.694941446654
4065703,7058.331122755684
4066000,7185.478743464893
4066301,7796.037947253451
4066302,7360.629352033771
4066402,7347.641783296885
4066403,7912.373409327964
4066701,8030.361439731882
4067100,9507.700325903073
4067700,7810.870782943766
4067900,10047.483608418006
4068000,5955.326220093162
4068200,5494.034450969799
4068300,24517.210322559215
4068700,14464.346812678794
4069000,6881.317882559396
4069300,17421.000000174212
4069400,3418.579490991684
4069500,14068.749557057652
4069701,22494.61887468883
4069702,8362.414977142047
4070300,8093.635059689439
4070700,8670.28928211576
4070900,13502.42187986914
4071100,13871.592860493593
4071303,19911.066063352697
4071304,29131.242257434296
4071305,18860.52607147623
4071306,28860.98390520171
4071701,23884.904383952875
4071702,27595.278466225947
4071900,27675.58794425835
4072100,30380.907966466802
4072300,9531.872473731983
4072900,6331.277376431597
4073700,15528.190598461333
4073900,16864.89559387903
4074100,19712.99999996057
4074300,17706.196513450373
4074500,17476.99796986339
4074700,12983.195278999754
4075701,12819.680252151367
4075702,11175.76045006471
4077902,7982.245962556452
4077903,7688.584598762386
4077904,13462.689248990773
4077905,12870.09047195901
4077906,12576.249349733773
4077907,11408.259961387286
4077908,15276.506340166829
4078800,4878.0
4079000,6650.577797088921
4079200,6664.986593129234
4079300,2831.235632465721
4079701,35668.23649190093
4079702,23923.383267941368
4079900,9658.149867831147
4080301,9599.46709574481
4080302,5473.840106761964
4081400,8263.104409293792
4081800,8644.32324558481
4083700,8361.58438736292
4083800,9099.64522648296
4084000,10398.281724047978
4084500,23654.696481526727
4084601,7280.6831458514625
4084602,1945.4979143725382
4084901,14792.86916718139
4084902,25106.983800596357
4085700,36525.145547004184
4085900,36472.69680474355
4086100,23834.904781467078
4086400,5321.272000512641
4086500,30889.07095945789
4086900,6761.032422489499
4087100,7264.406057299194
4088400,3431.7561469931297
4088902,11766.274287503673
4088903,8351.534313748623
4089201,3801.9914305262023
4089202,936.2675388103028
4091602,71.0874625714263
4091603,975.0191360585536
4091604,495.364075002942
4091800,345.90571184419
4092200,1959.1745428117388
4092500,8723.287076914112
4092800,3223.591024498278
4092900,5570.183174483182
4093401,5829.932649338206
4093402,7355.913694811512
4093800,4859.621477940985
4094203,8556.15526104656
4094500,3144.5290148307886
4094700,6638.26631735256
4095400,5560.112745602283
4096400,7010.996189004504
4097204,6212.408940271207
4097205,7342.711625745973
4097206,4887.83054648714
4097207,1376.6375728694402
4099703,4223.290316330479
4099704,7377.307893483271
4099705,4165.78139340292
4099801,12417.40183020738
4099802,11316.741917518293
4099900,2099.121511238533
4100801,2375.3477269262257
4100803,11706.375559672126
4100804,5820.438453409843
4101002,5327.127891494308
4101003,12752.183429464905
4101004,10382.00062107637
4103201,8019.045027095201
4103202,9871.037748337709
4103300,6780.522791208788
4103900,5739.526182262168
4104700,9659.585708722878
4105900,5675.098706727726
4107201,764.2414367700272
4107202,39.8452019088664
4108500,6664.816204234292
4109300,4571.74533354296
4109700,4282.702313918986
4109900,6781.585721702677
4113300,7567.121651964114
4113900,8267.960729801016
4114100,6008.935825331865
4114700,5440.59027706423
4115100,5117.3795719740265
4115500,9552.51505149005
4115700,9897.452246378372
4115900,12744.068263128553
4116100,18489.134911957994
4116301,36501.208986377744
4117100,10873.954017373442
4117500,7964.986923339502
4118100,8619.95771152249
4118500,9713.112047883675
4118700,15213.68786735815
4118900,10982.93883914724
4119100,9420.487285273843
4119300,6283.9959678555315
4119500,5741.621774119653
4119900,9548.957363504293
4120100,10212.0
4120300,6875.271528608643
4120500,18074.57343119003
4120701,5465.637348003325
4120702,5484.078887884305
4121100,2633.009359245188
4121500,7616.606357741491
4122300,6777.136719809572
4122703,10847.422621729436
4122704,12023.72452634666
4124100,9008.321279638112
4124700,6380.722504180557
4126500,7350.1955051529485
4128300,2307.5231055965273
4129102,4035.1822201291598
4129103,4786.3240788480325
4129104,4864.733861466949
4130100,5217.228415106463
4133900,4810.087299544392
4134100,5746.282004927332
4134701,7783.446028123095
4134702,7455.187761764439
4136700,6418.5744581928
4137700,6086.1177547482785
4138501,4359.733560022977
4138502,2348.2330538834635
4140300,4313.840728148347
4140901,3549.526885221715
4140902,4620.430951618359
4141700,4599.313822565733
4142900,5955.933493662758
4144100,5695.830225160162
4144700,7165.842394748536
4145101,6539.1899157267735
4145102,6239.8239443737075
4145900,5993.315694156118
4146300,7158.457204418873
4146700,7298.329281488038
4147100,5487.579087752711
4147900,3928.2287387857705
4150701,3288.6025928110307
4150702,4098.733300058711
4152901,3174.8120254466585
4152902,3893.6503090994056
4155101,3557.0279916780946
4155103,3996.8463807142166
4155104,4107.814258278985
4156700,2937.9373919719746
4157101,5055.39712838749
4157102,5049.587027840975
4157902,5460.183896661064
2006000,12594.012751922213
2036100,19127.37103100054
2012701,23014.29553180155
2015900,23078.763635723746
2020501,25505.077506486887
2020502,13748.80485625391
2039902,35765.545459106725
2009000,4916.213760793511
2000400,5297.755631031411
4093900,4159.575844378043
3000100,6956.67533268475
3005900,11430.656419826271
3006500,15368.979902132414
3052300,22410.094603646896
3052500,23611.831703385906
3051300,21327.542659160365
3052700,24729.30404759596
3073800,13901.996999472647
2042600,11532.145211881561
1004200,39746.30441253051
1003800,43663.99932151468
1005700,39704.09299710319
1000900,11497.356013972929
1001001,16105.003188283194
1001501,20842.892030892337
1002901,25632.9391686818
1002700,34445.00000034445
1002902,33086.47289948718
1000700,13621.701326100632
1001502,15979.0523479047
1004800,41574.386765683696
1004400,29243.816897306104
1006000,30435.69627590267
1006400,47493.03346743278
1022900,19274.01311254858
1023300,26292.78778172026
5016901,3301.303852138156
5017007,3662.128012532927
5017013,6320.446636817814
1031703,15753.590424167309
1017800,17597.08624336403
1024000,2007.6746167746583
1031704,11567.665027120802
1000500,271.0275386029136
1031900,10527.00000010527
4003700,8385.057960774713
4008700,6617.224329959901
4031700,5224.343155442286
4071600,183.26508204489602
4094201,5710.570170593499
4094202,6347.278854935063
4111300,3320.5860211665836
4148300,1849.0177782418616
4080900,7450.666878098368
4122702,12945.475573489635
4125700,9901.717713147811
4126700,6007.148560137509
4139900,5266.450450559101
4143500,6807.961109984256
4157901,4854.27679093352
4157903,5297.892630101869
4001902,1991.148463293062
4003301,6159.927040588531
4042400,5038.0776275015905
4043400,7951.41063132829
4042600,4411.653874945387
4043200,6245.446356560413
4045200,15548.499602095975
4045400,17685.33787165603
4005900,24819.92276787954
4006100,26405.83904944612
4058100,18089.40174964886
4058300,19675.0
5015602,3891.641123472783
5017011,6010.360471666727
5011401,5147.639957574579
1023501,31762.157263686913
1024302,30906.800101292883
3080600,21656.54599050233
3081000,20859.048724830096
3082400,22773.48920421359
3085600,22212.54860110505
4047500,17033.761107311948
4047900,15347.972464640285
4062400,3363.872846073595
4062000,6512.908547365883
4063000,6496.219737970416
2019300,17902.22221320458
2020100,19028.463951998052
1021900,30877.38372430927
1022302,37176.84919855846
4127700,3539.0161214930345
4133300,4184.587132488707
3074400,11755.006313394988
3074600,11876.10972831458
1011600,21436.634252912612
1012400,47463.63678237459
2021200,30594.69086813354
2022200,28400.433911362546
1011700,14670.281227534086
3044902,1237.4350293797543
3002901,14955.92514629548
3003101,13119.97899815218
4065501,5190.633580148447
3053900,23943.99999988028
3054500,23550.558086400855
1027900,47398.13196311872
1028300,31098.76555901421
1028500,26090.69450214364
3012600,20182.717311431777
1014401,51748.287114615385
1014402,48198.245641950125
3000502,15357.413982140473
3001300,8722.485743657877
1000800,34005.132970289196
1001600,32771.29245898062
4037100,12427.904958515737
2008900,23178.16000165245
4033100,1367.1646016804182
4034700,7592.272102688598
5018100,1258.816748937542
1028700,17731.101442779003
5018902,5746.509105993975
5027302,2813.3700809815527
1029900,16270.106340122373
1000202,19453.88100767167
1001200,25958.855276208305
5012200,3897.5001170852024
5013400,4516.41138792515
4029100,19929.762296665725
4029300,17380.878743111713
5021300,6243.411443611705
3008400,14194.27994759319
3017500,5574.170422249876
5032300,1004.1929302280586
4112300,5804.077515754478
4112900,6271.9775065376425
2042901,16026.13698236395
2043102,19995.947640983166
5000800,5798.274578980843
5002001,5292.890570362386
1002000,20619.953235241654
3025400,19264.02159114443
3025600,22229.392350789494
4026300,26692.000000266922
4059502,10526.108072049472
3043200,23331.545068635667
4013600,16300.243556189957
4005400,11196.840298836089
4008600,9665.611130509866
4024500,9594.737943011374
4066401,2335.6602822841073
4066404,1356.6969695448838
4050700,10328.299240028846
4066900,8627.53209357562
4030600,3631.659864987875
4032000,4319.5205867406385
4048500,16553.915009340577
2009302,3894.721192844535
5017005,3001.386591501093
5020804,3628.69801702373
4014100,12229.564783384343
4012500,19392.396110761678
4013700,11605.501736596025
4029900,6699.308985484996
3052000,19096.860254642903
3152200,27618.061287199762
2033700,7688.10805664395
2038900,22249.812227171366
5031901,7057.836357466236
5031902,5118.597365122737
3039800,15533.763764658752
3040000,16052.698136633775
2029301,3086.585326527591
2029302,11950.947192665195
5023100,7068.586757944719
5023900,5436.825447641225
4013000,9313.437420734048
3058902,3921.228625218888
3059300,5287.994492799672
3050600,26784.57464709485
3050801,27744.295395215264
1015102,25788.792227806738
5020701,6669.557846235344
5022300,3034.746444944065
4073100,5855.716463087921
4074900,6712.308090016232
3079802,17458.562587428285
2042500,21418.585723960256
4026502,26958.894734611058
4048302,20314.77210776442
4026501,29128.50029913262
4048301,27807.971353863115
3012902,18657.074847837892
1013501,12568.161342910738
1013502,19444.937066647744
2002800,7280.023612041887
2005200,21529.466418466603
4066100,7185.706595465718
4065900,5359.1156491265865
4066501,8377.824232969164
2020000,9868.176667241734
2025600,9098.532504316092
4102900,5338.1451703136045
4097300,3281.0990961411344
4098100,3413.2122547470776
4060100,11568.85094877217
4060300,11324.870131116873
2012300,22601.896459257874
3009002,27528.0
3011000,18094.201073433745
3030400,10925.152488153708
4063302,6135.999999957048
4063500,5107.782910960322
4062100,6781.7597971107925
4063700,4333.980446576119
3062200,9005.214471336352
3062800,4740.8638518742855
3066600,1531.6237279766647
3021300,15232.851621421738
4077500,11134.372749264932
5005000,4542.8608971106805
5009601,4989.678392102132
2039700,12363.006966060504
2039300,17311.92966958066
3031401,8305.479324597845
3034800,9573.741434877084
2029700,14578.564905937805
2033500,6248.849171233842
4063900,4550.116726069631
4064102,4919.477042743444
3024800,19132.07552478142
3040800,21867.80432307153
3042600,22456.89180692964
3012000,19646.063819485247
3012200,22408.525944036577
4000104,1973.7371802068023
4000701,8422.35747858236
4046300,34096.65163408196
4047100,28219.917367614573
3011800,25465.971002118844
3021400,20982.780413312357
2035000,11241.463562229626
2035800,11607.554799049907
2023800,14126.507432638886
2024000,13139.79166545804
4076901,14108.0912593988
4076902,9773.307674125428
4077300,8160.520863718295
4024700,24431.38060020043
4024900,20579.862019502063
4026100,24006.8143278705
3016100,18381.749469920447
3016300,18321.87683511026
1021000,24673.2919588865
1021200,31220.236146622883
2027600,3601.797372778335
2028400,4269.672560914321
1015502,23378.0
1015900,40367.87298665363
3007000,19364.45986817735
1012901,18256.72596646022
1012902,18193.19398423376
4010701,2451.032549241386
4012301,5061.599354695266
2033400,10797.725985590732
2043501,14276.894130670034
2037600,14242.201471046154
2037800,17745.07987506135
2001903,4648.956584701596
2003100,18027.771629449722
3005302,1257.9371045141627
3001801,4891.966087221356
4085300,21610.63407010396
2026900,20668.420677274993
2028300,19131.17478057809
3056100,13375.5188609427
3056500,12065.443280770054
4161700,5390.415127871724
4035700,6274.026601372562
3029200,15216.982198811935
3029400,13066.00146990088
2009301,10347.18036689645
2011502,16119.952272535471
2005100,11986.617799661482
2006301,9027.433398132283
2023501,43363.676450767714
2023502,40722.28157572838
3122000,6240.838071481546
4099701,3171.542356034594
4101700,5364.512319770351
2023702,37890.99999962109
2039901,31241.621135221063
2023703,37803.79140312157
2040100,36405.7974405615
3030800,6875.269450168445
3038600,14394.348064768094
3002200,11558.331740061287
3003000,16597.030093248366
2016700,21228.417238703834
2016900,23358.038424388866
4085500,37993.76137500897
4086300,37499.14622410323
1029700,8966.039660398552
1030700,9828.25210349593
4000101,6273.735069941032
1006200,18277.495971609227
3056302,4484.084048449179
2014701,26595.270067362995
2014702,26621.707991697105
4028803,7056.627838582797
4029400,6507.357049868425
2014300,26443.18159822072
2014500,26233.625922630607
2018501,26259.228341822793
4004401,14321.06258797442
4005800,9656.669464961698
1020101,41643.90956264355
1020300,26403.18452639007
4116302,22203.925799240023
4116700,14972.9966768615
4090700,2075.699954195187
4091900,7752.030391303552
4000103,5956.738665819456
3011901,11000.747726579853
4029700,11081.901250812965
1016300,34259.23410658923
1016700,34239.57406288824
3003400,8433.529430565919
3001804,4688.861482118067
3019200,18254.38376270236
3025000,18423.18873464122
3042000,15986.021725185588
3055400,17293.32704915704
1018500,37341.704010181835
4022900,3701.4859596262604
4051500,7344.139141926054
1008602,23335.63545940278
4000102,10305.999999958776
1023804,8501.959799136464
1018900,33513.76256937272
1019100,21214.906573067557
3044901,11079.893045636736
3059100,10829.039865694958
3048400,26240.73268263544
3048600,19390.638471352493
3075000,17369.35397633266
3075400,12062.336384315895
4030905,5535.454596883835
4030906,17147.163992424554
3061600,2840.87836787548
3062000,5365.623350944
4098700,3468.5639827192354
4099100,4106.123689767751
1013700,15460.147289378985
1013900,30380.046990440445
1014500,26155.770445448215
1027700,41391.447310363554
3032700,19695.477529956737
4010600,16406.464880532258
4016600,14466.338511968253
3017700,10234.173760091231
3050804,26878.999999865606
1001002,25722.966359526563
3055100,22504.005176194813
1023900,31219.316264237405
1031100,21219.68746238529
4006202,6366.346079998272
3120803,16411.58709236884
2038500,27496.36197217043
2039500,17881.29986158216
3007700,11951.785822382735
3011902,4837.0468897468245
2003300,16432.95363098236
2003500,20390.356364683452
4056000,8037.9536940442185
4162100,7150.812300086619
4097202,4357.728463079366
4099200,6556.559530496776
4045800,14726.238529079006
4046200,21351.97827939328
4046600,18092.934024323655
5017701,2236.4972562133657
5017702,3882.957481325249
1022700,24896.341882441837
1025900,30387.216100845682
